Maths,natural_language
A = W â†” (A âŠ† W âˆ§ W âŠ† A),Two sets are equal if and only if they are subsets of each other
a âˆˆ X âˆ© A â†” (a âˆˆ X âˆ§ a âˆˆ A),a belongs to the intersection of X and A if and only if a is in both X and A
C âŠ‡ B,Set C is a superset of set B
Tá¶œ,The complement of set T
{x : â„ | 0 < x âˆ§ x < 1},The set of all real numbers between 0 and 1
Q âŠ‡ X,Set Q is a superset of set X
"âˆ€ x, x âˆ‰ âˆ…",The empty set has no elements
t âˆ‰ Z,t is not a member of set Z
A âˆ© A âŠ† A,The intersection of A and A is a subset of A
w âˆ‰ X,w is not a member of set X
A âˆ© Y,The intersection of sets A and Y
k âˆˆ Zá¶œ â†” k âˆ‰ Z,k is in the complement of Z if and only if k is not in Z
A âŠ† R,A is contained in R
(X âˆ© V)á¶œ = Xá¶œ âˆª Vá¶œ,The complement of the intersection of X and V equals the union of their complements
(W âˆª C)á¶œ = Wá¶œ âˆ© Cá¶œ,The complement of the union of W and C equals the intersection of their complements
P âˆª C,The union of sets P and C
P âŠ‡ W,Set P is a superset of set W
X âˆª T,The union of sets X and T
Z âˆˆ ğ’«(Z),Z is in its own power set
"âˆ€ x, x âˆˆ univ",Every element belongs to the universal set
m âˆˆ U âˆª Z â†” (m âˆˆ U âˆ¨ m âˆˆ Z),m is in U union Z if and only if m is in U or m is in Z
P âŠ† S,Set P is a subset of set S
y âˆˆ P âˆª U â†” (y âˆˆ P âˆ¨ y âˆˆ U),y is in P union U if and only if y is in P or y is in U
"{n : â„• | âˆƒ k, n = 2 * k}",The set of all even natural numbers
(T âˆ© P)á¶œ = Tá¶œ âˆª Pá¶œ,The complement of the intersection of T and P equals the union of their complements
Pá¶œ,The complement of set P
R âŠ‡ U,Set R is a superset of set U
"âˆ€ x âˆˆ Z, P x â†’ Q x","For every element x in Z, if P(x) then Q(x)"
T = C â†” (T âŠ† C âˆ§ C âŠ† T),Two sets are equal if and only if they are subsets of each other
T âˆª (T âˆ© R) = T,Tbsorption law for union: T âˆª (T âˆ© R) = T
W âŠ‡ B,Set W is a superset of set B
W âŠ† S â†’ Sá¶œ âŠ† Wá¶œ,"If W âŠ† S, then Sá¶œ âŠ† Wá¶œ"
(Cá¶œ)á¶œ = C,Double complement of C is C
U âˆ© (U âˆª Q) = (U âˆ© U) âˆª (U âˆ© Q),Intersection distributes over union: U âˆ© (U âˆª Q) = (U âˆ© U) âˆª (U âˆ© Q)
"âˆ€ x âˆˆ P, P x","For all x in P, property P holds"
W âˆ© B,The intersection of sets W and B
Vá¶œ,The complement of set V
x âˆ‰ Q,x is not a member of set Q
P âˆ© P âŠ† P,The intersection of P and P is a subset of P
X âŠ† T,Set X is a subset of set T
Z âˆª (Z âˆ© X) = Z,Zbsorption law for union: Z âˆª (Z âˆ© X) = Z
P âˆ© (R âˆª P) = (P âˆ© R) âˆª (P âˆ© P),Intersection distributes over union: P âˆ© (R âˆª P) = (P âˆ© R) âˆª (P âˆ© P)
"âˆƒ x âˆˆ W, Q x",There exists an element x in W such that property Q holds
Z âŠ‡ W,Set Z is a superset of set W
u âˆˆ Q âˆª A â†” (u âˆˆ Q âˆ¨ u âˆˆ A),u is in Q union A if and only if u is in Q or u is in A
R âˆ© (Z âˆª T) = (R âˆ© Z) âˆª (R âˆ© T),Intersection distributes over union: R âˆ© (Z âˆª T) = (R âˆ© Z) âˆª (R âˆ© T)
"{n : â„¤ | âˆƒ k, n = 2 * k + 1}",The set of all odd integers
"âˆ€ S, S âŠ† X â†’ S âˆˆ ğ’«(X)",Every subset of X is an element of the power set of X
W âˆ© (P âˆª Q) = (W âˆ© P) âˆª (W âˆ© Q),Intersection distributes over union: W âˆ© (P âˆª Q) = (W âˆ© P) âˆª (W âˆ© Q)
"âˆ€ x âˆˆ B, P x â†’ Q x","For every element x in B, if P(x) then Q(x)"
Xá¶œ,The complement of set X
"Injective f â†’ âˆ€ x y âˆˆ V, f x = f y â†’ x = y","If f is injective, then for all x, y in V, f(x) = f(y) implies x = y"
C âˆª Q,The union of sets C and Q
U âˆ© P,The intersection of sets U and P
s âˆˆ X,The element s belongs to set X
y âˆˆ Q \ U,y is in Q but not in U
t âˆˆ Pá¶œ â†” t âˆ‰ P,t is in the complement of P if and only if t is not in P
Pijective (f : U â†’ P),f is bijective from U to P
C âˆª R,The union of sets C and R
S âŠ† Q â†’ Qá¶œ âŠ† Sá¶œ,"If S âŠ† Q, then Qá¶œ âŠ† Sá¶œ"
v âˆˆ P âˆª Y â†” (v âˆˆ P âˆ¨ v âˆˆ Y),v is in P union Y if and only if v is in P or v is in Y
"âˆ€ x, x âˆˆ univ",The universal set contains all elements
Y âˆ© (B âˆª Z) = (Y âˆ© B) âˆª (Y âˆ© Z),Intersection distributes over union: Y âˆ© (B âˆª Z) = (Y âˆ© B) âˆª (Y âˆ© Z)
Z âˆª U,The union of sets Z and U
Surjective (f : Y â†’ Y),f is surjective from Y to Y
(R âˆ© S)á¶œ = Rá¶œ âˆª Sá¶œ,The complement of the intersection of R and S equals the union of their complements
m âˆˆ Q âˆ© X â†” (m âˆˆ Q âˆ§ m âˆˆ X),m belongs to the intersection of Q and X if and only if m is in both Q and X
f '' U âŠ† T,The image of U under f is a subset of T
"âˆƒ x âˆˆ V, Q x",There exists an element x in V such that property Q holds
W âŠ† R,Set W is a subset of set R
"âˆ€ x, x âˆˆ univ",The universal set contains all elements
t âˆˆ S,The element t belongs to set S
y âˆˆ Z âˆ© Q â†” (y âˆˆ Z âˆ§ y âˆˆ Q),y belongs to the intersection of Z and Q if and only if y is in both Z and Q
Z âŠ† T âˆ§ T âŠ† Z â†’ Z = T,"If Z is a subset of T and T is a subset of Z, then Z equals T"
W âŠ‡ S,Set W is a superset of set S
(R âˆ© Y)á¶œ = Rá¶œ âˆª Yá¶œ,The complement of the intersection of R and Y equals the union of their complements
Qá¶œ,The complement of set Q
C âŠ† B â†’ Bá¶œ âŠ† Cá¶œ,"If C âŠ† B, then Bá¶œ âŠ† Cá¶œ"
S âŠ† V,S is included in V
ğ’«(S) = {S | S âŠ† S},The power set of S is the set of all subsets of S
n âˆˆ Xá¶œ â†” n âˆ‰ X,n is in the complement of X if and only if n is not in X
t âˆˆ R \ S,t is in R but not in S
T âŠ‡ P,Set T is a superset of set P
n âˆˆ V \ U,n is in V but not in U
b âˆˆ W \ C,b is in W but not in C
S âˆª P,The union of sets S and P
R âˆ© (R âˆª R) = R,Rbsorption law for intersection: R âˆ© (R âˆª R) = R
u âˆˆ S âˆ© Y â†” (u âˆˆ S âˆ§ u âˆˆ Y),u belongs to the intersection of S and Y if and only if u is in both S and Y
z âˆˆ S,The element z belongs to set S
"âˆ€ x, x âˆ‰ âˆ…",The empty set has no elements
T âˆ© W,The intersection of sets T and W
"âˆ€ x, x âˆ‰ âˆ…",No element belongs to the empty set
U âˆª (U âˆ© X) = (U âˆª U) âˆ© (U âˆª X),Union distributes over intersection: U âˆª (U âˆ© X) = (U âˆª U) âˆ© (U âˆª X)
P âˆ© (B âˆª P) = (P âˆ© B) âˆª (P âˆ© P),Intersection distributes over union: P âˆ© (B âˆª P) = (P âˆ© B) âˆª (P âˆ© P)
Q \ T,The set difference Q minus T
Y âˆ© R,The intersection of sets Y and R
ğ’«(V) = {S | S âŠ† V},The power set of V is the set of all subsets of V
A âŠ‡ V,Set A is a superset of set V
W âˆ© P,The intersection of sets W and P
ğ’«(A) = {S | S âŠ† A},The power set of A is the set of all subsets of A
W âŠ† B âˆ§ B âŠ† Z â†’ W âŠ† Z,"If W âŠ† B and B âŠ† Z, then W âŠ† Z"
t âˆˆ V âˆ© X â†” (t âˆˆ V âˆ§ t âˆˆ X),t belongs to the intersection of V and X if and only if t is in both V and X
"âˆ€ x âˆˆ B, P x","For all x in B, property P holds"
"A Ã— Q = {(a, b) | a âˆˆ A âˆ§ b âˆˆ Q}","The Cartesian product A Ã— Q is the set of all ordered pairs (a, b) where a âˆˆ A and b âˆˆ Q"
W âˆª (Y âˆ© T) = (W âˆª Y) âˆ© (W âˆª T),Union distributes over intersection: W âˆª (Y âˆ© T) = (W âˆª Y) âˆ© (W âˆª T)
V âŠ‡ Y,Set V is a superset of set Y
V âŠ† A âˆ§ A âŠ† B â†’ V âŠ† B,"If V âŠ† A and A âŠ† B, then V âŠ† B"
u âˆˆ W âˆª T â†” (u âˆˆ W âˆ¨ u âˆˆ T),u is in W union T if and only if u is in W or u is in T
V = S â†” (V âŠ† S âˆ§ S âŠ† V),Two sets are equal if and only if they are subsets of each other
k âˆˆ B âˆ© V â†” (k âˆˆ B âˆ§ k âˆˆ V),k belongs to the intersection of B and V if and only if k is in both B and V
"âˆƒ S âŠ† C, S â‰  âˆ…",There exists a subset S of C that is non-empty
Surjective (f : Y â†’ X),f is surjective from Y to X
"âˆ€ x, x âˆ‰ âˆ…",The empty set has no elements
Z âŠ† V âˆ§ V âŠ† X â†’ Z âŠ† X,"If Z âŠ† V and V âŠ† X, then Z âŠ† X"
"âˆ€ x âˆˆ Y, P x","For all x in Y, property P holds"
"âˆƒ! x âˆˆ R, P x",There exists a unique element x in R satisfying P
f '' S,The image of set S under function f
m âˆ‰ Q,m is not a member of set Q
{x âˆˆ A | Q x},The set of all elements in A satisfying property Q
R âŠ† X âˆ§ X âŠ† R â†’ R = X,"If R is a subset of X and X is a subset of R, then R equals X"
Y âˆª (S âˆ© C) = (Y âˆª S) âˆ© (Y âˆª C),Union distributes over intersection: Y âˆª (S âˆ© C) = (Y âˆª S) âˆ© (Y âˆª C)
X âˆ© (W âˆª B) = (X âˆ© W) âˆª (X âˆ© B),Intersection distributes over union: X âˆ© (W âˆª B) = (X âˆ© W) âˆª (X âˆ© B)
x âˆˆ B,The element x belongs to set B
"Y Ã— V = {(a, b) | a âˆˆ Y âˆ§ b âˆˆ V}","The Cartesian product Y Ã— V is the set of all ordered pairs (a, b) where a âˆˆ Y and b âˆˆ V"
(A âˆª Q)á¶œ = Aá¶œ âˆ© Qá¶œ,The complement of the union of A and Q equals the intersection of their complements
S âˆª (S âˆ© R) = S,Sbsorption law for union: S âˆª (S âˆ© R) = S
Bijective (f : Z â†’ B),f is bijective from Z to B
Uá¶œ,The complement of set U
B âˆ© X,The intersection of sets B and X
b âˆˆ Z âˆ© X â†” (b âˆˆ Z âˆ§ b âˆˆ X),b belongs to the intersection of Z and X if and only if b is in both Z and X
b âˆˆ A âˆª Q â†” (b âˆˆ A âˆ¨ b âˆˆ Q),b is in A union Q if and only if b is in A or b is in Q
"Injective f â†’ âˆ€ x y âˆˆ T, f x = f y â†’ x = y","If f is injective, then for all x, y in T, f(x) = f(y) implies x = y"
V âˆ© (U âˆª C) = (V âˆ© U) âˆª (V âˆ© C),Intersection distributes over union: V âˆ© (U âˆª C) = (V âˆ© U) âˆª (V âˆ© C)
Q \ U,The set difference Q minus U
m âˆˆ T âˆª R â†” (m âˆˆ T âˆ¨ m âˆˆ R),m is in T union R if and only if m is in T or m is in R
a âˆˆ C âˆ© Y â†” (a âˆˆ C âˆ§ a âˆˆ Y),a belongs to the intersection of C and Y if and only if a is in both C and Y
f '' A âŠ† U,The image of A under f is a subset of U
"âˆ€ x âˆˆ A, P x","For all x in A, property P holds"
Q âŠ‡ A,Set Q is a superset of set A
W âŠ‡ R,Set W is a superset of set R
f '' T âŠ† X,The image of T under f is a subset of X
Surjective (f : U â†’ X),f is surjective from U to X
S âˆ© T,The intersection of sets S and T
"âˆ€ S âŠ† B, Finite S","For all subsets S of B, S is finite"
"âˆƒ x âˆˆ S, Q x",There exists an element x in S such that property Q holds
"Injective f â†’ âˆ€ x y âˆˆ Z, f x = f y â†’ x = y","If f is injective, then for all x, y in Z, f(x) = f(y) implies x = y"
U âˆª (U âˆ© V) = U,Ubsorption law for union: U âˆª (U âˆ© V) = U
X âŠ† V,Set X is a subset of set V
w âˆˆ B âˆª Q â†” (w âˆˆ B âˆ¨ w âˆˆ Q),w is in B union Q if and only if w is in B or w is in Q
(Q âˆª Q)á¶œ = Qá¶œ âˆ© Qá¶œ,The complement of the union of Q and Q equals the intersection of their complements
"âˆƒ! x âˆˆ V, P x",There exists a unique element x in V satisfying P
P âŠ† V,Set P is a subset of set V
x âˆˆ Vá¶œ â†” x âˆ‰ V,x is in the complement of V if and only if x is not in V
U âˆª (U âˆ© U) = U,Ubsorption law for union: U âˆª (U âˆ© U) = U
f '' Y,The image of set Y under function f
V âŠ† U,V is contained in U
C âˆ© S,The intersection of sets C and S
z âˆˆ T âˆ© W â†” (z âˆˆ T âˆ§ z âˆˆ W),z belongs to the intersection of T and W if and only if z is in both T and W
(Y âˆª Q)á¶œ = Yá¶œ âˆ© Qá¶œ,The complement of the union of Y and Q equals the intersection of their complements
âˆ… âŠ† X,The empty set is a subset of every set X
"{n : â„• | âˆƒ k, n = 2 * k}",The set of all even natural numbers
"âˆ€ x âˆˆ Q, P x â†’ Q x","For every element x in Q, if P(x) then Q(x)"
U = C â†” (U âŠ† C âˆ§ C âŠ† U),Two sets are equal if and only if they are subsets of each other
B âŠ† R,B is contained in R
âˆ… âˆˆ ğ’«(C),The empty set is in the power set of C
U âŠ‡ R,Set U is a superset of set R
R âŠ† Y,Set R is a subset of set Y
"C Ã— C = {(a, b) | a âˆˆ C âˆ§ b âˆˆ C}","The Cartesian product C Ã— C is the set of all ordered pairs (a, b) where a âˆˆ C and b âˆˆ C"
"âˆ€ x, x âˆ‰ âˆ…",No element belongs to the empty set
"âˆ€ S, S âŠ† U â†’ S âˆˆ ğ’«(U)",Every subset of U is an element of the power set of U
{x : â„ | 0 < x âˆ§ x < 1},The set of all real numbers between 0 and 1
C âŠ† Q,C is contained in Q
T âˆ© (T âˆª R) = T,Tbsorption law for intersection: T âˆ© (T âˆª R) = T
U âˆˆ ğ’«(U),U is in its own power set
k âˆˆ X,The element k belongs to set X
"C Ã— U = {(a, b) | a âˆˆ C âˆ§ b âˆˆ U}","The Cartesian product C Ã— U is the set of all ordered pairs (a, b) where a âˆˆ C and b âˆˆ U"
A âˆ© U,The intersection of sets A and U
A âˆª (A âˆ© Y) = A,Absorption law for union: A âˆª (A âˆ© Y) = A
Xijective (f : P â†’ X),f is bijective from P to X
Tijective (f : S â†’ T),f is bijective from S to T
Z âˆª U,The union of sets Z and U
(Vá¶œ)á¶œ = V,Double complement of V is V
{x | P x},The set of all elements x such that property P holds
(P âˆ© W)á¶œ = Pá¶œ âˆª Wá¶œ,The complement of the intersection of P and W equals the union of their complements
{x : â„ | x > 0},The set of all positive real numbers
"âˆ€ x, x âˆ‰ âˆ…",The empty set has no elements
n âˆˆ V,The element n belongs to set V
x âˆˆ Q,The element x belongs to set Q
A âˆª Q,The union of sets A and Q
(A âˆ© T)á¶œ = Aá¶œ âˆª Tá¶œ,The complement of the intersection of A and T equals the union of their complements
U âˆ© (A âˆª B) = (U âˆ© A) âˆª (U âˆ© B),Intersection distributes over union: U âˆ© (A âˆª B) = (U âˆ© A) âˆª (U âˆ© B)
"âˆƒ x âˆˆ Z, Q x",There exists an element x in Z such that property Q holds
Q âŠ‡ Y,Set Q is a superset of set Y
âˆ… âŠ† U,The empty set is a subset of every set U
T \ C,The set difference T minus C
Rá¶œ,The complement of set R
"âˆƒ S âŠ† V, S â‰  âˆ…",There exists a subset S of V that is non-empty
{n : â„¤ | n < 10},The set of all integers less than 10
f : Y â†’ Z,f maps Y into Z
u âˆˆ Y âˆª U â†” (u âˆˆ Y âˆ¨ u âˆˆ U),u is in Y union U if and only if u is in Y or u is in U
n âˆˆ C âˆ© P â†” (n âˆˆ C âˆ§ n âˆˆ P),n belongs to the intersection of C and P if and only if n is in both C and P
R âˆ© C,The intersection of sets R and C
"C Ã— S = {(a, b) | a âˆˆ C âˆ§ b âˆˆ S}","The Cartesian product C Ã— S is the set of all ordered pairs (a, b) where a âˆˆ C and b âˆˆ S"
Aá¶œ,The complement of set A
T âˆ© (T âˆª U) = T,Tbsorption law for intersection: T âˆ© (T âˆª U) = T
"âˆ€ x âˆˆ R, P x â†’ Q x","For every element x in R, if P(x) then Q(x)"
Disjoint Y P â†’ Y âˆ© P = âˆ…,"If Y and P are disjoint, then Y âˆ© P = âˆ…"
W = A â†” (W âŠ† A âˆ§ A âŠ† W),Two sets are equal if and only if they are subsets of each other
R âŠ† Y,Set R is a subset of set Y
{n : â„¤ | n < 10},The set of all integers less than 10
B \ Y,The set difference B minus Y
"âˆƒ S âŠ† C, S â‰  âˆ…",There exists a subset S of C that is non-empty
v âˆˆ R âˆª Y â†” (v âˆˆ R âˆ¨ v âˆˆ Y),v is in R union Y if and only if v is in R or v is in Y
ğ’«(C) = {S | S âŠ† C},The power set of C is the set of all subsets of C
Rijective (f : P â†’ R),f is bijective from P to R
{x : â„ | 0 < x âˆ§ x < 1},The set of all real numbers between 0 and 1
s âˆˆ P âˆ© Y â†” (s âˆˆ P âˆ§ s âˆˆ Y),s belongs to the intersection of P and Y if and only if s is in both P and Y
y âˆ‰ X,y is not a member of set X
ğ’«(P) = {S | S âŠ† P},The power set of P is the set of all subsets of P
W âˆ© T,The intersection of sets W and T
ğ’«(Z) = {S | S âŠ† Z},The power set of Z is the set of all subsets of Z
n âˆˆ V âˆª R â†” (n âˆˆ V âˆ¨ n âˆˆ R),n is in V union R if and only if n is in V or n is in R
Q âˆ© (W âˆª C) = (Q âˆ© W) âˆª (Q âˆ© C),Intersection distributes over union: Q âˆ© (W âˆª C) = (Q âˆ© W) âˆª (Q âˆ© C)
Q âŠ† U,Q is included in U
T âŠ† T âˆª A,T is a subset of the union of T and A
"Z = A â†” âˆ€ x, x âˆˆ Z â†” x âˆˆ A",Sets Z and A are equal if they have the same elements
v âˆˆ X âˆ© S â†” (v âˆˆ X âˆ§ v âˆˆ S),v belongs to the intersection of X and S if and only if v is in both X and S
t âˆˆ S âˆ© A â†” (t âˆˆ S âˆ§ t âˆˆ A),t belongs to the intersection of S and A if and only if t is in both S and A
âˆ… âŠ† U,The empty set is a subset of every set U
U âˆˆ ğ’«(U),U is in its own power set
V âˆ© (V âˆª S) = V,Vbsorption law for intersection: V âˆ© (V âˆª S) = V
Z âˆª W,The union of sets Z and W
s âˆˆ V âˆª A â†” (s âˆˆ V âˆ¨ s âˆˆ A),s is in V union A if and only if s is in V or s is in A
v âˆ‰ R,v is not a member of set R
R âŠ† U âˆ§ Infinite R â†’ Infinite U,"If R âŠ† U and R is infinite, then U is infinite"
v âˆˆ W âˆ© U â†” (v âˆˆ W âˆ§ v âˆˆ U),v belongs to the intersection of W and U if and only if v is in both W and U
"T Ã— Q = {(a, b) | a âˆˆ T âˆ§ b âˆˆ Q}","The Cartesian product T Ã— Q is the set of all ordered pairs (a, b) where a âˆˆ T and b âˆˆ Q"
"âˆ€ x âˆˆ U, P x","For all x in U, property P holds"
Y âˆ© S,The intersection of sets Y and S
C âŠ† univ,Every set C is a subset of the universal set
Y = U â†” (Y âŠ† U âˆ§ U âŠ† Y),Two sets are equal if and only if they are subsets of each other
"{n : â„¤ | âˆƒ k, n = 2 * k + 1}",The set of all odd integers
Surjective (f : V â†’ X),f is surjective from V to X
Tijective (f : Y â†’ T),f is bijective from Y to T
"U Ã— W = {(a, b) | a âˆˆ U âˆ§ b âˆˆ W}","The Cartesian product U Ã— W is the set of all ordered pairs (a, b) where a âˆˆ U and b âˆˆ W"
"âˆ€ x, x âˆ‰ âˆ…",The empty set has no elements
C âˆ© W,The intersection of sets C and W
(Q âˆª W)á¶œ = Qá¶œ âˆ© Wá¶œ,The complement of the union of Q and W equals the intersection of their complements
f : W â†’ S,f maps W into S
T âˆ© (X âˆª B) = (T âˆ© X) âˆª (T âˆ© B),Intersection distributes over union: T âˆ© (X âˆª B) = (T âˆ© X) âˆª (T âˆ© B)
Z âŠ† S,Set Z is a subset of set S
"âˆƒ x âˆˆ B, Q x",There exists an element x in B such that property Q holds
w âˆˆ U âˆª T â†” (w âˆˆ U âˆ¨ w âˆˆ T),w is in U union T if and only if w is in U or w is in T
Z âŠ† V âˆ§ V âŠ† Q â†’ Z âŠ† Q,"If Z âŠ† V and V âŠ† Q, then Z âŠ† Q"
S âˆª X,The union of sets S and X
y âˆˆ R âˆ© Y â†” (y âˆˆ R âˆ§ y âˆˆ Y),y belongs to the intersection of R and Y if and only if y is in both R and Y
y âˆˆ R,The element y belongs to set R
"{n : â„• | âˆƒ k, n = 2 * k}",The set of all even natural numbers
{x : â„ | x > 0},The set of all positive real numbers
Y âŠ† A,Set Y is a subset of set A
Disjoint T Tá¶œ,T and its complement are disjoint
P âˆª (U âˆ© Q) = (P âˆª U) âˆ© (P âˆª Q),Union distributes over intersection: P âˆª (U âˆ© Q) = (P âˆª U) âˆ© (P âˆª Q)
c âˆˆ P âˆ© T â†” (c âˆˆ P âˆ§ c âˆˆ T),c belongs to the intersection of P and T if and only if c is in both P and T
R âŠ‡ Y,Set R is a superset of set Y
A âˆˆ ğ’«(A),A is in its own power set
f â»Â¹' X,The preimage of set X under function f
f '' W,The image of set W under function f
Y = Y â†” (Y âŠ† Y âˆ§ Y âŠ† Y),Two sets are equal if and only if they are subsets of each other
"âˆ€ S, S âŠ† P â†’ S âˆˆ ğ’«(P)",Every subset of P is an element of the power set of P
"Z = T â†” âˆ€ x, x âˆˆ Z â†” x âˆˆ T",Sets Z and T are equal if they have the same elements
B âˆª A,The union of sets B and A
w âˆˆ V,The element w belongs to set V
Z âˆ© (R âˆª Y) = (Z âˆ© R) âˆª (Z âˆ© Y),Intersection distributes over union: Z âˆ© (R âˆª Y) = (Z âˆ© R) âˆª (Z âˆ© Y)
Bá¶œ,The complement of set B
Z âˆ© (Z âˆª B) = Z,Zbsorption law for intersection: Z âˆ© (Z âˆª B) = Z
A Ã— S,The Cartesian product of A and S
"âˆƒ x âˆˆ U, Q x",There exists an element x in U such that property Q holds
X âˆª (X âˆ© R) = X,Xbsorption law for union: X âˆª (X âˆ© R) = X
W âŠ‡ X,Set W is a superset of set X
Yá¶œ,The complement of set Y
C âŠ‡ T,Set C is a superset of set T
Y âˆª W,The union of sets Y and W
Y âˆ© V,The intersection of sets Y and V
{x : â„ | 0 < x âˆ§ x < 1},The set of all real numbers between 0 and 1
"âˆƒ S âŠ† P, S â‰  âˆ…",There exists a subset S of P that is non-empty
A âˆª (Z âˆ© R) = (A âˆª Z) âˆ© (A âˆª R),Union distributes over intersection: A âˆª (Z âˆ© R) = (A âˆª Z) âˆ© (A âˆª R)
Y âŠ† Z âˆ§ Z âŠ† Y â†’ Y = Z,"If Y is a subset of Z and Z is a subset of Y, then Y equals Z"
n âˆˆ C âˆ© Y â†” (n âˆˆ C âˆ§ n âˆˆ Y),n belongs to the intersection of C and Y if and only if n is in both C and Y
"X Ã— T = {(a, b) | a âˆˆ X âˆ§ b âˆˆ T}","The Cartesian product X Ã— T is the set of all ordered pairs (a, b) where a âˆˆ X and b âˆˆ T"
n âˆˆ T \ X,n is in T but not in X
V âˆª P,The union of sets V and P
T âŠ‡ W,Set T is a superset of set W
P âˆª (Z âˆ© V) = (P âˆª Z) âˆ© (P âˆª V),Union distributes over intersection: P âˆª (Z âˆ© V) = (P âˆª Z) âˆ© (P âˆª V)
m âˆˆ Z,The element m belongs to set Z
X âˆ© (S âˆª A) = (X âˆ© S) âˆª (X âˆ© A),Intersection distributes over union: X âˆ© (S âˆª A) = (X âˆ© S) âˆª (X âˆ© A)
Z âˆª T,The union of sets Z and T
Z âŠ† X,Every element of Z belongs to X
a âˆˆ Z âˆ© T â†” (a âˆˆ Z âˆ§ a âˆˆ T),a belongs to the intersection of Z and T if and only if a is in both Z and T
Z âˆˆ ğ’«(Z),Z is in its own power set
U Ã— T,The Cartesian product of U and T
"âˆƒ! x âˆˆ R, P x",There exists a unique element x in R satisfying P
v âˆˆ V,The element v belongs to set V
z âˆ‰ B,z is not a member of set B
{n : â„• | n > 5},The set of all natural numbers greater than 5
"âˆ€ S âŠ† U, Finite S","For all subsets S of U, S is finite"
y âˆˆ R âˆ© T â†” (y âˆˆ R âˆ§ y âˆˆ T),y belongs to the intersection of R and T if and only if y is in both R and T
x âˆˆ Uá¶œ â†” x âˆ‰ U,x is in the complement of U if and only if x is not in U
A âˆª P,The union of sets A and P
{x : â„ | 0 < x âˆ§ x < 1},The set of all real numbers between 0 and 1
a âˆˆ P,The element a belongs to set P
B âŠ† C,Set B is a subset of set C
"âˆƒ! x âˆˆ R, P x",There exists a unique element x in R satisfying P
V âˆ© P,The intersection of sets V and P
(R âˆª R)á¶œ = Rá¶œ âˆ© Rá¶œ,The complement of the union of R and R equals the intersection of their complements
w âˆˆ S âˆ© V â†” (w âˆˆ S âˆ§ w âˆˆ V),w belongs to the intersection of S and V if and only if w is in both S and V
t âˆˆ Y âˆª C â†” (t âˆˆ Y âˆ¨ t âˆˆ C),t is in Y union C if and only if t is in Y or t is in C
Z âˆ© (S âˆª R) = (Z âˆ© S) âˆª (Z âˆ© R),Intersection distributes over union: Z âˆ© (S âˆª R) = (Z âˆ© S) âˆª (Z âˆ© R)
S âˆ© (S âˆª S) = (S âˆ© S) âˆª (S âˆ© S),Intersection distributes over union: S âˆ© (S âˆª S) = (S âˆ© S) âˆª (S âˆ© S)
{n : â„• | n > 5},The set of all natural numbers greater than 5
{x : â„ | x > 0},The set of all positive real numbers
T âŠ† Q,T is included in Q
âˆ… âŠ† V,The empty set is a subset of every set V
A âŠ‡ V,Set A is a superset of set V
Disjoint T W â†’ T âˆ© W = âˆ…,"If T and W are disjoint, then T âˆ© W = âˆ…"
"âˆ€ S âŠ† Y, Finite S","For all subsets S of Y, S is finite"
Zá¶œ,The complement of set Z
k âˆˆ W,The element k belongs to set W
"âˆ€ x âˆˆ R, P x","For all x in R, property P holds"
B \ C,The set difference B minus C
f : C â†’ P,f maps C into P
R âŠ† W âˆ§ W âŠ† Y â†’ R âŠ† Y,"If R âŠ† W and W âŠ† Y, then R âŠ† Y"
b âˆˆ C \ P,b is in C but not in P
"âˆƒ S âŠ† Y, S â‰  âˆ…",There exists a subset S of Y that is non-empty
"âˆ€ S, S âŠ† Q â†’ S âˆˆ ğ’«(Q)",Every subset of Q is an element of the power set of Q
Q âŠ† C âˆ§ C âŠ† Q â†’ Q = C,"If Q is a subset of C and C is a subset of Q, then Q equals C"
c âˆ‰ A,c is not a member of set A
f : V â†’ W,f maps V into W
Y Ã— B,The Cartesian product of Y and B
Y âˆ© U,The intersection of sets Y and U
Y âˆ© (P âˆª Q) = (Y âˆ© P) âˆª (Y âˆ© Q),Intersection distributes over union: Y âˆ© (P âˆª Q) = (Y âˆ© P) âˆª (Y âˆ© Q)
"âˆ€ x, x âˆ‰ âˆ…",The empty set has no elements
z âˆˆ X âˆª P â†” (z âˆˆ X âˆ¨ z âˆˆ P),z is in X union P if and only if z is in X or z is in P
W âˆ© (W âˆª Z) = W,Wbsorption law for intersection: W âˆ© (W âˆª Z) = W
P âˆª T,The union of sets P and T
x âˆˆ Xá¶œ â†” x âˆ‰ X,x is in the complement of X if and only if x is not in X
X âˆª (Q âˆ© V) = (X âˆª Q) âˆ© (X âˆª V),Union distributes over intersection: X âˆª (Q âˆ© V) = (X âˆª Q) âˆ© (X âˆª V)
ğ’«(Y) = {S | S âŠ† Y},The power set of Y is the set of all subsets of Y
"âˆ€ x, x âˆ‰ âˆ…",No element belongs to the empty set
W âˆª (W âˆ© P) = W,Wbsorption law for union: W âˆª (W âˆ© P) = W
Z âˆª (Z âˆ© R) = Z,Zbsorption law for union: Z âˆª (Z âˆ© R) = Z
Disjoint Q S â†’ Q âˆ© S = âˆ…,"If Q and S are disjoint, then Q âˆ© S = âˆ…"
R Ã— B,The Cartesian product of R and B
{x | P x},The set of all elements x such that property P holds
n âˆˆ R âˆ© A â†” (n âˆˆ R âˆ§ n âˆˆ A),n belongs to the intersection of R and A if and only if n is in both R and A
Y \ U,The set difference Y minus U
V \ Z,The set difference V minus Z
S âŠ† Z,S is contained in Z
"Q = Z â†” âˆ€ x, x âˆˆ Q â†” x âˆˆ Z",Sets Q and Z are equal if they have the same elements
"âˆ€ S âŠ† V, Finite S","For all subsets S of V, S is finite"
f : V â†’ C,f maps V into C
"âˆ€ S, S âŠ† A â†’ S âˆˆ ğ’«(A)",Every subset of A is an element of the power set of A
R âŠ† T âˆ§ Infinite R â†’ Infinite T,"If R âŠ† T and R is infinite, then T is infinite"
f '' T,The image of set T under function f
Z âˆª (Z âˆ© B) = Z,Zbsorption law for union: Z âˆª (Z âˆ© B) = Z
U âˆª Q,The union of sets U and Q
c âˆ‰ S,c is not a member of set S
"âˆƒ S âŠ† U, S â‰  âˆ…",There exists a subset S of U that is non-empty
B âŠ‡ P,Set B is a superset of set P
C = W â†” (C âŠ† W âˆ§ W âŠ† C),Two sets are equal if and only if they are subsets of each other
v âˆˆ S âˆ© A â†” (v âˆˆ S âˆ§ v âˆˆ A),v belongs to the intersection of S and A if and only if v is in both S and A
S âŠ† S âˆª U,S is a subset of the union of S and U
n âˆˆ U \ C,n is in U but not in C
(S âˆ© W)á¶œ = Sá¶œ âˆª Wá¶œ,The complement of the intersection of S and W equals the union of their complements
"âˆƒ S âŠ† Y, S â‰  âˆ…",There exists a subset S of Y that is non-empty
Q âŠ† P,Every element of Q belongs to P
P âŠ‡ R,Set P is a superset of set R
V âŠ† Z,V is contained in Z
v âˆˆ S,The element v belongs to set S
V âŠ† V âˆ§ Infinite V â†’ Infinite V,"If V âŠ† V and V is infinite, then V is infinite"
R \ Q,The set difference R minus Q
Rá¶œ,The complement of set R
P âˆª U,The union of sets P and U
Z âŠ‡ P,Set Z is a superset of set P
X = A â†” (X âŠ† A âˆ§ A âŠ† X),Two sets are equal if and only if they are subsets of each other
P âˆª (P âˆ© T) = P,Pbsorption law for union: P âˆª (P âˆ© T) = P
U âˆˆ ğ’«(U),U is in its own power set
k âˆˆ C,The element k belongs to set C
T âŠ‡ S,Set T is a superset of set S
s âˆˆ A âˆª S â†” (s âˆˆ A âˆ¨ s âˆˆ S),s is in A union S if and only if s is in A or s is in S
b âˆˆ Y,The element b belongs to set Y
U âŠ‡ C,Set U is a superset of set C
Z âˆª A,The union of sets Z and A
b âˆˆ Aá¶œ â†” b âˆ‰ A,b is in the complement of A if and only if b is not in A
X âˆ© B,The intersection of sets X and B
u âˆˆ T âˆª Y â†” (u âˆˆ T âˆ¨ u âˆˆ Y),u is in T union Y if and only if u is in T or u is in Y
âˆ… âˆˆ ğ’«(Y),The empty set is in the power set of Y
S âŠ† X,Every element of S belongs to X
X \ Q,The set difference X minus Q
W âŠ† Z,Every element of W belongs to Z
(W âˆª R)á¶œ = Wá¶œ âˆ© Rá¶œ,The complement of the union of W and R equals the intersection of their complements
"âˆ€ x, x âˆˆ univ",Every element belongs to the universal set
"âˆ€ S, S âŠ† X â†’ S âˆˆ ğ’«(X)",Every subset of X is an element of the power set of X
z âˆˆ Qá¶œ â†” z âˆ‰ Q,z is in the complement of Q if and only if z is not in Q
"âˆ€ x, x âˆˆ univ",Every element belongs to the universal set
"âˆ€ x, x âˆˆ univ",The universal set contains all elements
a âˆˆ C âˆ© Z â†” (a âˆˆ C âˆ§ a âˆˆ Z),a belongs to the intersection of C and Z if and only if a is in both C and Z
âˆ… âˆˆ ğ’«(U),The empty set is in the power set of U
A âŠ† X,A is contained in X
"{n : â„¤ | âˆƒ k, n = 2 * k + 1}",The set of all odd integers
T Ã— C,The Cartesian product of T and C
X âŠ† univ,Every set X is a subset of the universal set
"Injective f â†’ âˆ€ x y âˆˆ W, f x = f y â†’ x = y","If f is injective, then for all x, y in W, f(x) = f(y) implies x = y"
U âˆª Uá¶œ = univ,The union of U and its complement equals the universal set
"âˆ€ S, S âŠ† W â†’ S âˆˆ ğ’«(W)",Every subset of W is an element of the power set of W
Qá¶œ,The complement of set Q
v âˆˆ Q \ A,v is in Q but not in A
A âˆª W,The union of sets A and W
Y âŠ† B âˆ§ B âŠ† Y â†’ Y = B,"If Y is a subset of B and B is a subset of Y, then Y equals B"
{x : â„ | x > 0},The set of all positive real numbers
s âˆˆ B \ R,s is in B but not in R
Aá¶œ,The complement of set A
{x | P x},The set of all elements x such that property P holds
âˆ… âŠ† Z,The empty set is a subset of every set Z
x âˆˆ V âˆ© B â†” (x âˆˆ V âˆ§ x âˆˆ B),x belongs to the intersection of V and B if and only if x is in both V and B
f : Z â†’ X,f maps Z into X
C âŠ† R âˆ§ R âŠ† C â†’ C = R,"If C is a subset of R and R is a subset of C, then C equals R"
W âŠ‡ Z,Set W is a superset of set Z
a âˆˆ A âˆ© R â†” (a âˆˆ A âˆ§ a âˆˆ R),a belongs to the intersection of A and R if and only if a is in both A and R
A âŠ‡ U,Set A is a superset of set U
P âŠ† S âˆ§ Infinite P â†’ Infinite S,"If P âŠ† S and P is infinite, then S is infinite"
"âˆƒ S âŠ† Q, S â‰  âˆ…",There exists a subset S of Q that is non-empty
y âˆˆ W âˆª V â†” (y âˆˆ W âˆ¨ y âˆˆ V),y is in W union V if and only if y is in W or y is in V
Z âˆ© Q âŠ† Z,The intersection of Z and Q is a subset of Z
u âˆˆ V âˆª T â†” (u âˆˆ V âˆ¨ u âˆˆ T),u is in V union T if and only if u is in V or u is in T
c âˆ‰ R,c is not a member of set R
U âˆ© (A âˆª A) = (U âˆ© A) âˆª (U âˆ© A),Intersection distributes over union: U âˆ© (A âˆª A) = (U âˆ© A) âˆª (U âˆ© A)
m âˆ‰ Y,m is not a member of set Y
ğ’«(P) = {S | S âŠ† P},The power set of P is the set of all subsets of P
"{n : â„¤ | âˆƒ k, n = 2 * k + 1}",The set of all odd integers
Z âŠ‡ X,Set Z is a superset of set X
âˆ… âŠ† P,The empty set is a subset of every set P
T âˆª (Z âˆ© R) = (T âˆª Z) âˆ© (T âˆª R),Union distributes over intersection: T âˆª (Z âˆ© R) = (T âˆª Z) âˆ© (T âˆª R)
{x âˆˆ A | Q x},The set of all elements in A satisfying property Q
V âŠ† Z âˆ§ Z âŠ† V â†’ V = Z,"If V is a subset of Z and Z is a subset of V, then V equals Z"
Q âˆ© W,The intersection of sets Q and W
c âˆˆ S âˆ© C â†” (c âˆˆ S âˆ§ c âˆˆ C),c belongs to the intersection of S and C if and only if c is in both S and C
V âˆ© (W âˆª V) = (V âˆ© W) âˆª (V âˆ© V),Intersection distributes over union: V âˆ© (W âˆª V) = (V âˆ© W) âˆª (V âˆ© V)
u âˆˆ W \ X,u is in W but not in X
V âˆª B,The union of sets V and B
(Z âˆª U)á¶œ = Zá¶œ âˆ© Uá¶œ,The complement of the union of Z and U equals the intersection of their complements
Z âŠ† Z âˆª S,Z is a subset of the union of Z and S
(Z âˆ© X)á¶œ = Zá¶œ âˆª Xá¶œ,The complement of the intersection of Z and X equals the union of their complements
Q âŠ† X âˆ§ X âŠ† Q â†’ Q = X,"If Q is a subset of X and X is a subset of Q, then Q equals X"
Tá¶œ,The complement of set T
{n : â„• | n > 5},The set of all natural numbers greater than 5
"âˆ€ x âˆˆ Z, P x â†’ Q x","For every element x in Z, if P(x) then Q(x)"
"âˆ€ x, x âˆ‰ âˆ…",The empty set has no elements
T âŠ† B,Every element of T belongs to B
A âˆª B,The union of sets A and B
y âˆˆ B \ Q,y is in B but not in Q
n âˆˆ R âˆª Q â†” (n âˆˆ R âˆ¨ n âˆˆ Q),n is in R union Q if and only if n is in R or n is in Q
C âŠ† V,C is included in V
"âˆ€ x, x âˆ‰ âˆ…",The empty set has no elements
U âˆª (S âˆ© V) = (U âˆª S) âˆ© (U âˆª V),Union distributes over intersection: U âˆª (S âˆ© V) = (U âˆª S) âˆ© (U âˆª V)
w âˆˆ P âˆ© U â†” (w âˆˆ P âˆ§ w âˆˆ U),w belongs to the intersection of P and U if and only if w is in both P and U
u âˆˆ Y âˆª X â†” (u âˆˆ Y âˆ¨ u âˆˆ X),u is in Y union X if and only if u is in Y or u is in X
(T âˆ© S)á¶œ = Tá¶œ âˆª Sá¶œ,The complement of the intersection of T and S equals the union of their complements
Surjective (f : T â†’ B),f is surjective from T to B
U âˆª (U âˆ© Q) = U,Ubsorption law for union: U âˆª (U âˆ© Q) = U
Z âˆª T,The union of sets Z and T
T âŠ‡ Q,Set T is a superset of set Q
f '' S,The image of set S under function f
S âˆª A,The union of sets S and A
C âŠ† Q âˆ§ Infinite C â†’ Infinite Q,"If C âŠ† Q and C is infinite, then Q is infinite"
k âˆˆ Vá¶œ â†” k âˆ‰ V,k is in the complement of V if and only if k is not in V
v âˆˆ B,The element v belongs to set B
"âˆƒ S âŠ† V, S â‰  âˆ…",There exists a subset S of V that is non-empty
"Injective f â†’ âˆ€ x y âˆˆ R, f x = f y â†’ x = y","If f is injective, then for all x, y in R, f(x) = f(y) implies x = y"
w âˆˆ Vá¶œ â†” w âˆ‰ V,w is in the complement of V if and only if w is not in V
X \ Q,The set difference X minus Q
Tijective (f : X â†’ T),f is bijective from X to T
w âˆˆ W,The element w belongs to set W
k âˆˆ C âˆ© P â†” (k âˆˆ C âˆ§ k âˆˆ P),k belongs to the intersection of C and P if and only if k is in both C and P
Disjoint V Vá¶œ,V and its complement are disjoint
{x âˆˆ X | Q x},The set of all elements in X satisfying property Q
f '' Q,The image of set Q under function f
z âˆˆ C,The element z belongs to set C
Y \ A,The set difference Y minus A
Disjoint S Sá¶œ,S and its complement are disjoint
X âˆª S,The union of sets X and S
n âˆˆ Z,The element n belongs to set Z
"âˆ€ x, x âˆ‰ âˆ…",No element belongs to the empty set
c âˆˆ S,The element c belongs to set S
X âˆ© (X âˆª R) = X,Xbsorption law for intersection: X âˆ© (X âˆª R) = X
z âˆˆ S âˆª B â†” (z âˆˆ S âˆ¨ z âˆˆ B),z is in S union B if and only if z is in S or z is in B
B \ S,The set difference B minus S
f : U â†’ V,f maps U into V
P âˆ© W,The intersection of sets P and W
T âˆª (U âˆ© A) = (T âˆª U) âˆ© (T âˆª A),Union distributes over intersection: T âˆª (U âˆ© A) = (T âˆª U) âˆ© (T âˆª A)
Q âŠ† V âˆ§ Infinite Q â†’ Infinite V,"If Q âŠ† V and Q is infinite, then V is infinite"
v âˆˆ C âˆª Z â†” (v âˆˆ C âˆ¨ v âˆˆ Z),v is in C union Z if and only if v is in C or v is in Z
A âˆª T,The union of sets A and T
A âˆª (A âˆ© U) = A,Absorption law for union: A âˆª (A âˆ© U) = A
"âˆƒ! x âˆˆ A, P x",There exists a unique element x in A satisfying P
S \ A,The set difference S minus A
"{n : â„¤ | âˆƒ k, n = 2 * k + 1}",The set of all odd integers
b âˆ‰ A,b is not a member of set A
c âˆˆ R,The element c belongs to set R
f : A â†’ W,f maps A into W
P \ V,The set difference P minus V
W âŠ‡ U,Set W is a superset of set U
f â»Â¹' B,The preimage of set B under function f
Yijective (f : R â†’ Y),f is bijective from R to Y
"U Ã— U = {(a, b) | a âˆˆ U âˆ§ b âˆˆ U}","The Cartesian product U Ã— U is the set of all ordered pairs (a, b) where a âˆˆ U and b âˆˆ U"
W âˆ© B,The intersection of sets W and B
P Ã— P,The Cartesian product of P and P
"âˆ€ S, S âŠ† B â†’ S âˆˆ ğ’«(B)",Every subset of B is an element of the power set of B
c âˆˆ Yá¶œ â†” c âˆ‰ Y,c is in the complement of Y if and only if c is not in Y
{x : â„ | 0 < x âˆ§ x < 1},The set of all real numbers between 0 and 1
X âˆª (U âˆ© V) = (X âˆª U) âˆ© (X âˆª V),Union distributes over intersection: X âˆª (U âˆ© V) = (X âˆª U) âˆ© (X âˆª V)
W âŠ‡ C,Set W is a superset of set C
"âˆ€ x, x âˆ‰ âˆ…",The empty set has no elements
W âˆ© C,The intersection of sets W and C
"Y = S â†” âˆ€ x, x âˆˆ Y â†” x âˆˆ S",Sets Y and S are equal if they have the same elements
T âŠ† Z âˆ§ Infinite T â†’ Infinite Z,"If T âŠ† Z and T is infinite, then Z is infinite"
Disjoint X Xá¶œ,X and its complement are disjoint
B \ P,The set difference B minus P
U \ B,The set difference U minus B
P âŠ‡ R,Set P is a superset of set R
P âŠ† W âˆ§ W âŠ† P â†’ P = W,"If P is a subset of W and W is a subset of P, then P equals W"
S âˆ© A âŠ† S,The intersection of S and A is a subset of S
{x | P x},The set of all elements x such that property P holds
V âˆ© R,The intersection of sets V and R
"âˆƒ x âˆˆ Z, Q x",There exists an element x in Z such that property Q holds
y âˆˆ P âˆª T â†” (y âˆˆ P âˆ¨ y âˆˆ T),y is in P union T if and only if y is in P or y is in T
"âˆ€ x âˆˆ T, P x","For all x in T, property P holds"
(R âˆª W)á¶œ = Rá¶œ âˆ© Wá¶œ,The complement of the union of R and W equals the intersection of their complements
z âˆˆ B âˆ© T â†” (z âˆˆ B âˆ§ z âˆˆ T),z belongs to the intersection of B and T if and only if z is in both B and T
"T = Z â†” âˆ€ x, x âˆˆ T â†” x âˆˆ Z",Sets T and Z are equal if they have the same elements
P âˆª U,The union of sets P and U
Injective (f : S â†’ Q),f is injective on S
A Ã— R,The Cartesian product of A and R
X = Y â†” (X âŠ† Y âˆ§ Y âŠ† X),Two sets are equal if and only if they are subsets of each other
"âˆ€ x, x âˆ‰ âˆ…",No element belongs to the empty set
(Wá¶œ)á¶œ = W,Double complement of W is W
Y âŠ‡ W,Set Y is a superset of set W
Y âˆª (Q âˆ© A) = (Y âˆª Q) âˆ© (Y âˆª A),Union distributes over intersection: Y âˆª (Q âˆ© A) = (Y âˆª Q) âˆ© (Y âˆª A)
C âŠ‡ X,Set C is a superset of set X
"âˆ€ x âˆˆ B, P x â†’ Q x","For every element x in B, if P(x) then Q(x)"
"âˆ€ x, x âˆˆ univ",The universal set contains all elements
(A âˆª Q)á¶œ = Aá¶œ âˆ© Qá¶œ,The complement of the union of A and Q equals the intersection of their complements
"âˆƒ x âˆˆ R, Q x",There exists an element x in R such that property Q holds
A âˆ© Z,The intersection of sets A and Z
"P Ã— B = {(a, b) | a âˆˆ P âˆ§ b âˆˆ B}","The Cartesian product P Ã— B is the set of all ordered pairs (a, b) where a âˆˆ P and b âˆˆ B"
S \ B,The set difference S minus B
P âŠ† S,Every element of P belongs to S
R âˆª Y,The union of sets R and Y
t âˆˆ Wá¶œ â†” t âˆ‰ W,t is in the complement of W if and only if t is not in W
Y âˆ© T,The intersection of sets Y and T
a âˆˆ C âˆ© R â†” (a âˆˆ C âˆ§ a âˆˆ R),a belongs to the intersection of C and R if and only if a is in both C and R
"Injective f â†’ âˆ€ x y âˆˆ U, f x = f y â†’ x = y","If f is injective, then for all x, y in U, f(x) = f(y) implies x = y"
t âˆ‰ A,t is not a member of set A
X âŠ† B âˆ§ B âŠ† U â†’ X âŠ† U,"If X âŠ† B and B âŠ† U, then X âŠ† U"
Q âˆª (Q âˆ© S) = Q,Qbsorption law for union: Q âˆª (Q âˆ© S) = Q
v âˆ‰ B,v is not a member of set B
"âˆƒ! x âˆˆ P, P x",There exists a unique element x in P satisfying P
âˆ… âˆˆ ğ’«(R),The empty set is in the power set of R
m âˆˆ C,The element m belongs to set C
R âŠ† W,Every element of R belongs to W
"{n : â„• | âˆƒ k, n = 2 * k}",The set of all even natural numbers
S âŠ‡ Q,Set S is a superset of set Q
B âˆª S,The union of sets B and S
U âŠ‡ R,Set U is a superset of set R
w âˆˆ X \ T,w is in X but not in T
S âˆª V,The union of sets S and V
Cá¶œ,The complement of set C
"âˆƒ x âˆˆ A, Q x",There exists an element x in A such that property Q holds
V âˆª W,The union of sets V and W
A âŠ† V,A is contained in V
P âŠ† X,Every element of P belongs to X
{n : â„¤ | n < 10},The set of all integers less than 10
U = X â†” (U âŠ† X âˆ§ X âŠ† U),Two sets are equal if and only if they are subsets of each other
Y âŠ† univ,Every set Y is a subset of the universal set
{n : â„• | n > 5},The set of all natural numbers greater than 5
T âŠ† X,T is contained in X
{n : â„¤ | n < 10},The set of all integers less than 10
âˆ… âŠ† V,The empty set is a subset of every set V
x âˆˆ C âˆª U â†” (x âˆˆ C âˆ¨ x âˆˆ U),x is in C union U if and only if x is in C or x is in U
y âˆˆ Y âˆ© R â†” (y âˆˆ Y âˆ§ y âˆˆ R),y belongs to the intersection of Y and R if and only if y is in both Y and R
(Xá¶œ)á¶œ = X,Double complement of X is X
C âˆ© Z,The intersection of sets C and Z
"Injective f â†’ âˆ€ x y âˆˆ A, f x = f y â†’ x = y","If f is injective, then for all x, y in A, f(x) = f(y) implies x = y"
P \ W,The set difference P minus W
"âˆƒ S âŠ† U, S â‰  âˆ…",There exists a subset S of U that is non-empty
s âˆˆ W,The element s belongs to set W
s âˆˆ X âˆ© R â†” (s âˆˆ X âˆ§ s âˆˆ R),s belongs to the intersection of X and R if and only if s is in both X and R
Q âˆª (A âˆ© S) = (Q âˆª A) âˆ© (Q âˆª S),Union distributes over intersection: Q âˆª (A âˆ© S) = (Q âˆª A) âˆ© (Q âˆª S)
v âˆˆ W,The element v belongs to set W
V âŠ‡ C,Set V is a superset of set C
X âˆª (P âˆ© P) = (X âˆª P) âˆ© (X âˆª P),Union distributes over intersection: X âˆª (P âˆ© P) = (X âˆª P) âˆ© (X âˆª P)
"âˆ€ S, S âŠ† V â†’ S âˆˆ ğ’«(V)",Every subset of V is an element of the power set of V
V \ T,The set difference V minus T
V âŠ† Y âˆ§ Y âŠ† V â†’ V = Y,"If V is a subset of Y and Y is a subset of V, then V equals Y"
P âŠ† Z âˆ§ Z âŠ† P â†’ P = Z,"If P is a subset of Z and Z is a subset of P, then P equals Z"
(C âˆª Y)á¶œ = Cá¶œ âˆ© Yá¶œ,The complement of the union of C and Y equals the intersection of their complements
Y âˆª (V âˆ© B) = (Y âˆª V) âˆ© (Y âˆª B),Union distributes over intersection: Y âˆª (V âˆ© B) = (Y âˆª V) âˆ© (Y âˆª B)
x âˆ‰ U,x is not a member of set U
n âˆˆ V âˆª Q â†” (n âˆˆ V âˆ¨ n âˆˆ Q),n is in V union Q if and only if n is in V or n is in Q
C âˆª V,The union of sets C and V
V âŠ† A âˆ§ A âŠ† V â†’ V = A,"If V is a subset of A and A is a subset of V, then V equals A"
A âŠ† V,A is contained in V
S âŠ‡ C,Set S is a superset of set C
"âˆƒ x âˆˆ Y, Q x",There exists an element x in Y such that property Q holds
U âˆª B,The union of sets U and B
T âˆˆ ğ’«(T),T is in its own power set
"âˆƒ x âˆˆ C, Q x",There exists an element x in C such that property Q holds
Z = X â†” (Z âŠ† X âˆ§ X âŠ† Z),Two sets are equal if and only if they are subsets of each other
V âˆª C,The union of sets V and C
f '' P âŠ† A,The image of P under f is a subset of A
W âŠ‡ A,Set W is a superset of set A
y âˆˆ B,The element y belongs to set B
B \ V,The set difference B minus V
s âˆˆ Z âˆª W â†” (s âˆˆ Z âˆ¨ s âˆˆ W),s is in Z union W if and only if s is in Z or s is in W
B \ P,The set difference B minus P
c âˆˆ Y \ R,c is in Y but not in R
V \ Z,The set difference V minus Z
m âˆˆ S,The element m belongs to set S
{x : â„ | x > 0},The set of all positive real numbers
T âŠ† V,Every element of T belongs to V
b âˆ‰ R,b is not a member of set R
(Tá¶œ)á¶œ = T,Double complement of T is T
A âˆ© S,The intersection of sets A and S
P âŠ‡ R,Set P is a superset of set R
"âˆƒ! x âˆˆ B, P x",There exists a unique element x in B satisfying P
"Injective f â†’ âˆ€ x y âˆˆ A, f x = f y â†’ x = y","If f is injective, then for all x, y in A, f(x) = f(y) implies x = y"
Disjoint W Y â†’ W âˆ© Y = âˆ…,"If W and Y are disjoint, then W âˆ© Y = âˆ…"
u âˆˆ B \ Q,u is in B but not in Q
U âŠ† V âˆ§ V âŠ† U â†’ U = V,"If U is a subset of V and V is a subset of U, then U equals V"
X âŠ‡ B,Set X is a superset of set B
{x : â„ | 0 < x âˆ§ x < 1},The set of all real numbers between 0 and 1
"âˆ€ x âˆˆ R, P x","For all x in R, property P holds"
"T Ã— U = {(a, b) | a âˆˆ T âˆ§ b âˆˆ U}","The Cartesian product T Ã— U is the set of all ordered pairs (a, b) where a âˆˆ T and b âˆˆ U"
Z âŠ† U,Set Z is a subset of set U
"C Ã— R = {(a, b) | a âˆˆ C âˆ§ b âˆˆ R}","The Cartesian product C Ã— R is the set of all ordered pairs (a, b) where a âˆˆ C and b âˆˆ R"
(S âˆ© Q)á¶œ = Sá¶œ âˆª Qá¶œ,The complement of the intersection of S and Q equals the union of their complements
V âŠ† X,V is contained in X
"âˆ€ x âˆˆ T, P x â†’ Q x","For every element x in T, if P(x) then Q(x)"
f â»Â¹' U,The preimage of set U under function f
"âˆ€ x, x âˆ‰ âˆ…",No element belongs to the empty set
u âˆˆ X âˆ© Y â†” (u âˆˆ X âˆ§ u âˆˆ Y),u belongs to the intersection of X and Y if and only if u is in both X and Y
Q âˆª Qá¶œ = univ,The union of Q and its complement equals the universal set
A âŠ† S,A is contained in S
T \ W,The set difference T minus W
U âŠ† V â†’ Vá¶œ âŠ† Uá¶œ,"If U âŠ† V, then Vá¶œ âŠ† Uá¶œ"
Z âˆ© C âŠ† Z,The intersection of Z and C is a subset of Z
{x : â„ | 0 < x âˆ§ x < 1},The set of all real numbers between 0 and 1
Z âˆ© V,The intersection of sets Z and V
X âŠ† Y,X is contained in Y
P âˆ© (A âˆª W) = (P âˆ© A) âˆª (P âˆ© W),Intersection distributes over union: P âˆ© (A âˆª W) = (P âˆ© A) âˆª (P âˆ© W)
z âˆˆ X âˆ© Y â†” (z âˆˆ X âˆ§ z âˆˆ Y),z belongs to the intersection of X and Y if and only if z is in both X and Y
m âˆˆ V \ P,m is in V but not in P
âˆ… âŠ† C,The empty set is a subset of every set C
T âˆ© (B âˆª T) = (T âˆ© B) âˆª (T âˆ© T),Intersection distributes over union: T âˆ© (B âˆª T) = (T âˆ© B) âˆª (T âˆ© T)
y âˆ‰ R,y is not a member of set R
z âˆˆ Y âˆª A â†” (z âˆˆ Y âˆ¨ z âˆˆ A),z is in Y union A if and only if z is in Y or z is in A
Finite A âˆ§ Finite V â†’ Finite (A âˆª V),"If A is finite and V is finite, then A âˆª V is finite"
t âˆˆ X,The element t belongs to set X
Z Ã— U,The Cartesian product of Z and U
Z âˆª (B âˆ© S) = (Z âˆª B) âˆ© (Z âˆª S),Union distributes over intersection: Z âˆª (B âˆ© S) = (Z âˆª B) âˆ© (Z âˆª S)
"âˆ€ x, x âˆˆ univ",The universal set contains all elements
c âˆˆ P âˆª R â†” (c âˆˆ P âˆ¨ c âˆˆ R),c is in P union R if and only if c is in P or c is in R
X âˆª Xá¶œ = univ,The union of X and its complement equals the universal set
âˆ… âŠ† U,The empty set is a subset of every set U
"âˆƒ S âŠ† B, S â‰  âˆ…",There exists a subset S of B that is non-empty
X âŠ† Y âˆ§ Y âŠ† X â†’ X = Y,"If X is a subset of Y and Y is a subset of X, then X equals Y"
U âŠ† Q,Set U is a subset of set Q
"âˆ€ S âŠ† U, Finite S","For all subsets S of U, S is finite"
(W âˆª R)á¶œ = Wá¶œ âˆ© Rá¶œ,The complement of the union of W and R equals the intersection of their complements
v âˆ‰ T,v is not a member of set T
"âˆƒ x âˆˆ Q, Q x",There exists an element x in Q such that property Q holds
R âŠ† R âˆª X,R is a subset of the union of R and X
C âˆª T,The union of sets C and T
W âŠ† W âˆ§ W âŠ† A â†’ W âŠ† A,"If W âŠ† W and W âŠ† A, then W âŠ† A"
{x : â„ | 0 < x âˆ§ x < 1},The set of all real numbers between 0 and 1
âˆ… âˆˆ ğ’«(U),The empty set is in the power set of U
S Ã— T,The Cartesian product of S and T
c âˆˆ U âˆ© T â†” (c âˆˆ U âˆ§ c âˆˆ T),c belongs to the intersection of U and T if and only if c is in both U and T
"âˆ€ x, x âˆ‰ âˆ…",The empty set has no elements
Z âŠ† T,Every element of Z belongs to T
B âˆ© P,The intersection of sets B and P
f : X â†’ X,f maps X into X
y âˆˆ U âˆª S â†” (y âˆˆ U âˆ¨ y âˆˆ S),y is in U union S if and only if y is in U or y is in S
T âˆª X,The union of sets T and X
w âˆˆ U,The element w belongs to set U
W âŠ† V,Every element of W belongs to V
"âˆƒ x âˆˆ Y, Q x",There exists an element x in Y such that property Q holds
"X Ã— Q = {(a, b) | a âˆˆ X âˆ§ b âˆˆ Q}","The Cartesian product X Ã— Q is the set of all ordered pairs (a, b) where a âˆˆ X and b âˆˆ Q"
W âˆ© A,The intersection of sets W and A
k âˆ‰ X,k is not a member of set X
y âˆ‰ Q,y is not a member of set Q
{x : â„ | x > 0},The set of all positive real numbers
Pijective (f : C â†’ P),f is bijective from C to P
"âˆ€ x, x âˆ‰ âˆ…",No element belongs to the empty set
"Injective f â†’ âˆ€ x y âˆˆ X, f x = f y â†’ x = y","If f is injective, then for all x, y in X, f(x) = f(y) implies x = y"
"âˆ€ x âˆˆ T, P x â†’ Q x","For every element x in T, if P(x) then Q(x)"
âˆ… âŠ† B,The empty set is a subset of every set B
R âŠ† R âˆª Q,R is a subset of the union of R and Q
"C = Y â†” âˆ€ x, x âˆˆ C â†” x âˆˆ Y",Sets C and Y are equal if they have the same elements
c âˆˆ Y,The element c belongs to set Y
S âŠ† T,Set S is a subset of set T
Z âˆ© R,The intersection of sets Z and R
Q âŠ† Q âˆ§ Q âŠ† A â†’ Q âŠ† A,"If Q âŠ† Q and Q âŠ† A, then Q âŠ† A"
v âˆˆ X,The element v belongs to set X
Y âŠ† A âˆ§ A âŠ† W â†’ Y âŠ† W,"If Y âŠ† A and A âŠ† W, then Y âŠ† W"
T âŠ‡ Y,Set T is a superset of set Y
"âˆ€ x, x âˆ‰ âˆ…",The empty set has no elements
A âˆ© X,The intersection of sets A and X
A âŠ† C âˆ§ Infinite A â†’ Infinite C,"If A âŠ† C and A is infinite, then C is infinite"
"âˆƒ S âŠ† S, S â‰  âˆ…",There exists a subset S of S that is non-empty
"âˆ€ x âˆˆ A, P x","For all x in A, property P holds"
f : X â†’ T,f maps X into T
âˆ… âˆˆ ğ’«(Z),The empty set is in the power set of Z
a âˆˆ Y âˆª Q â†” (a âˆˆ Y âˆ¨ a âˆˆ Q),a is in Y union Q if and only if a is in Y or a is in Q
z âˆˆ S âˆª A â†” (z âˆˆ S âˆ¨ z âˆˆ A),z is in S union A if and only if z is in S or z is in A
ğ’«(S) = {S | S âŠ† S},The power set of S is the set of all subsets of S
Zá¶œ,The complement of set Z
U \ Q,The set difference U minus Q
(A âˆª C)á¶œ = Aá¶œ âˆ© Cá¶œ,The complement of the union of A and C equals the intersection of their complements
z âˆ‰ Q,z is not a member of set Q
Finite A âˆ§ Finite W â†’ Finite (A âˆª W),"If A is finite and W is finite, then A âˆª W is finite"
R \ P,The set difference R minus P
C âˆ© (C âˆª W) = C,Cbsorption law for intersection: C âˆ© (C âˆª W) = C
C âŠ† Q â†’ Qá¶œ âŠ† Cá¶œ,"If C âŠ† Q, then Qá¶œ âŠ† Cá¶œ"
"âˆ€ x, x âˆ‰ âˆ…",No element belongs to the empty set
R = U â†” (R âŠ† U âˆ§ U âŠ† R),Two sets are equal if and only if they are subsets of each other
(C âˆ© T)á¶œ = Cá¶œ âˆª Tá¶œ,The complement of the intersection of C and T equals the union of their complements
b âˆ‰ Z,b is not a member of set Z
Injective (f : V â†’ Q),f is injective on V
z âˆˆ Y âˆª Z â†” (z âˆˆ Y âˆ¨ z âˆˆ Z),z is in Y union Z if and only if z is in Y or z is in Z
b âˆˆ R âˆ© P â†” (b âˆˆ R âˆ§ b âˆˆ P),b belongs to the intersection of R and P if and only if b is in both R and P
y âˆˆ Z âˆ© B â†” (y âˆˆ Z âˆ§ y âˆˆ B),y belongs to the intersection of Z and B if and only if y is in both Z and B
P âŠ‡ X,Set P is a superset of set X
"Injective f â†’ âˆ€ x y âˆˆ C, f x = f y â†’ x = y","If f is injective, then for all x, y in C, f(x) = f(y) implies x = y"
V âˆª Z,The union of sets V and Z
w âˆˆ C âˆ© A â†” (w âˆˆ C âˆ§ w âˆˆ A),w belongs to the intersection of C and A if and only if w is in both C and A
c âˆˆ X âˆ© Y â†” (c âˆˆ X âˆ§ c âˆˆ Y),c belongs to the intersection of X and Y if and only if c is in both X and Y
X Ã— P,The Cartesian product of X and P
(Pá¶œ)á¶œ = P,Double complement of P is P
"âˆ€ x âˆˆ Q, P x","For all x in Q, property P holds"
Y âˆª (Y âˆ© W) = Y,Ybsorption law for union: Y âˆª (Y âˆ© W) = Y
f â»Â¹' P,The preimage of set P under function f
x âˆˆ V âˆª Q â†” (x âˆˆ V âˆ¨ x âˆˆ Q),x is in V union Q if and only if x is in V or x is in Q
"âˆ€ x, x âˆ‰ âˆ…",The empty set has no elements
A âŠ† U âˆ§ U âŠ† A â†’ A = U,"If A is a subset of U and U is a subset of A, then A equals U"
z âˆˆ V âˆ© U â†” (z âˆˆ V âˆ§ z âˆˆ U),z belongs to the intersection of V and U if and only if z is in both V and U
(Rá¶œ)á¶œ = R,Double complement of R is R
Z âˆª A,The union of sets Z and A
W âŠ† U,Set W is a subset of set U
Y âˆ© (Y âˆª W) = Y,Ybsorption law for intersection: Y âˆ© (Y âˆª W) = Y
Z âŠ† A,Z is contained in A
Y âŠ† Y âˆª A,Y is a subset of the union of Y and A
T âˆ© A,The intersection of sets T and A
"T = V â†” âˆ€ x, x âˆˆ T â†” x âˆˆ V",Sets T and V are equal if they have the same elements
Tá¶œ,The complement of set T
(V âˆª R)á¶œ = Vá¶œ âˆ© Rá¶œ,The complement of the union of V and R equals the intersection of their complements
Finite S âˆ§ Finite T â†’ Finite (S âˆª T),"If S is finite and T is finite, then S âˆª T is finite"
U âˆ© (U âˆª W) = U,Ubsorption law for intersection: U âˆ© (U âˆª W) = U
W = R â†” (W âŠ† R âˆ§ R âŠ† W),Two sets are equal if and only if they are subsets of each other
A âˆ© Y,The intersection of sets A and Y
X âŠ‡ C,Set X is a superset of set C
A âˆª (U âˆ© X) = (A âˆª U) âˆ© (A âˆª X),Union distributes over intersection: A âˆª (U âˆ© X) = (A âˆª U) âˆ© (A âˆª X)
C âŠ† S â†’ Sá¶œ âŠ† Cá¶œ,"If C âŠ† S, then Sá¶œ âŠ† Cá¶œ"
{x : â„ | x > 0},The set of all positive real numbers
Q âˆ© X,The intersection of sets Q and X
{n : â„¤ | n < 10},The set of all integers less than 10
b âˆ‰ P,b is not a member of set P
m âˆˆ C \ Y,m is in C but not in Y
A âˆ© (S âˆª P) = (A âˆ© S) âˆª (A âˆ© P),Intersection distributes over union: A âˆ© (S âˆª P) = (A âˆ© S) âˆª (A âˆ© P)
"P Ã— S = {(a, b) | a âˆˆ P âˆ§ b âˆˆ S}","The Cartesian product P Ã— S is the set of all ordered pairs (a, b) where a âˆˆ P and b âˆˆ S"
Q = R â†” (Q âŠ† R âˆ§ R âŠ† Q),Two sets are equal if and only if they are subsets of each other
âˆ… âˆˆ ğ’«(B),The empty set is in the power set of B
U \ R,The set difference U minus R
a âˆˆ X âˆª Z â†” (a âˆˆ X âˆ¨ a âˆˆ Z),a is in X union Z if and only if a is in X or a is in Z
W âˆª (W âˆ© P) = W,Wbsorption law for union: W âˆª (W âˆ© P) = W
t âˆˆ Y \ B,t is in Y but not in B
"âˆ€ x âˆˆ R, P x â†’ Q x","For every element x in R, if P(x) then Q(x)"
Xijective (f : T â†’ X),f is bijective from T to X
U âŠ† T,Every element of U belongs to T
X âˆª T,The union of sets X and T
"âˆƒ S âŠ† R, S â‰  âˆ…",There exists a subset S of R that is non-empty
v âˆˆ P âˆ© S â†” (v âˆˆ P âˆ§ v âˆˆ S),v belongs to the intersection of P and S if and only if v is in both P and S
Wá¶œ,The complement of set W
a âˆˆ R,The element a belongs to set R
"{n : â„• | âˆƒ k, n = 2 * k}",The set of all even natural numbers
Z \ Y,The set difference Z minus Y
v âˆˆ Bá¶œ â†” v âˆ‰ B,v is in the complement of B if and only if v is not in B
z âˆˆ X,The element z belongs to set X
f â»Â¹' X,The preimage of set X under function f
âˆ… âŠ† A,The empty set is a subset of every set A
f : Z â†’ W,f maps Z into W
(Rá¶œ)á¶œ = R,Double complement of R is R
{x : â„ | x > 0},The set of all positive real numbers
"âˆ€ x, x âˆ‰ âˆ…",The empty set has no elements
V âŠ‡ T,Set V is a superset of set T
"âˆ€ x âˆˆ W, P x â†’ Q x","For every element x in W, if P(x) then Q(x)"
b âˆˆ P \ X,b is in P but not in X
u âˆˆ V \ T,u is in V but not in T
Uá¶œ,The complement of set U
S âˆª (S âˆ© S) = S,Sbsorption law for union: S âˆª (S âˆ© S) = S
"âˆ€ x âˆˆ W, P x","For all x in W, property P holds"
"âˆƒ S âŠ† T, S â‰  âˆ…",There exists a subset S of T that is non-empty
Finite Y âˆ§ Finite R â†’ Finite (Y âˆª R),"If Y is finite and R is finite, then Y âˆª R is finite"
{n : â„• | n > 5},The set of all natural numbers greater than 5
t âˆˆ R,The element t belongs to set R
A âŠ‡ P,Set A is a superset of set P
t âˆˆ B âˆª X â†” (t âˆˆ B âˆ¨ t âˆˆ X),t is in B union X if and only if t is in B or t is in X
"R = C â†” âˆ€ x, x âˆˆ R â†” x âˆˆ C",Sets R and C are equal if they have the same elements
{n : â„¤ | n < 10},The set of all integers less than 10
(Zá¶œ)á¶œ = Z,Double complement of Z is Z
P âˆª (S âˆ© X) = (P âˆª S) âˆ© (P âˆª X),Union distributes over intersection: P âˆª (S âˆ© X) = (P âˆª S) âˆ© (P âˆª X)
Z âˆ© R,The intersection of sets Z and R
W âˆ© (W âˆª C) = W,Wbsorption law for intersection: W âˆ© (W âˆª C) = W
Rá¶œ,The complement of set R
{n : â„• | n > 5},The set of all natural numbers greater than 5
y âˆˆ Zá¶œ â†” y âˆ‰ Z,y is in the complement of Z if and only if y is not in Z
a âˆˆ C \ W,a is in C but not in W
"âˆƒ! x âˆˆ C, P x",There exists a unique element x in C satisfying P
x âˆˆ Sá¶œ â†” x âˆ‰ S,x is in the complement of S if and only if x is not in S
B âŠ† P,Every element of B belongs to P
m âˆˆ R âˆª V â†” (m âˆˆ R âˆ¨ m âˆˆ V),m is in R union V if and only if m is in R or m is in V
{x | P x},The set of all elements x such that property P holds
s âˆ‰ T,s is not a member of set T
W âˆ© X,The intersection of sets W and X
t âˆ‰ W,t is not a member of set W
Y âˆª (X âˆ© Y) = (Y âˆª X) âˆ© (Y âˆª Y),Union distributes over intersection: Y âˆª (X âˆ© Y) = (Y âˆª X) âˆ© (Y âˆª Y)
"âˆƒ S âŠ† A, S â‰  âˆ…",There exists a subset S of A that is non-empty
"âˆ€ x âˆˆ V, P x â†’ Q x","For every element x in V, if P(x) then Q(x)"
R âŠ† C,R is included in C
V âˆª (Y âˆ© B) = (V âˆª Y) âˆ© (V âˆª B),Union distributes over intersection: V âˆª (Y âˆ© B) = (V âˆª Y) âˆ© (V âˆª B)
"{n : â„¤ | âˆƒ k, n = 2 * k + 1}",The set of all odd integers
{x âˆˆ Z | Q x},The set of all elements in Z satisfying property Q
X âŠ† T,Set X is a subset of set T
S âŠ† U,Set S is a subset of set U
"âˆ€ x, x âˆ‰ âˆ…",The empty set has no elements
t âˆˆ A âˆª U â†” (t âˆˆ A âˆ¨ t âˆˆ U),t is in A union U if and only if t is in A or t is in U
Surjective (f : A â†’ R),f is surjective from A to R
u âˆˆ Z \ Y,u is in Z but not in Y
R âŠ‡ Q,Set R is a superset of set Q
x âˆ‰ T,x is not a member of set T
{x : â„ | 0 < x âˆ§ x < 1},The set of all real numbers between 0 and 1
v âˆˆ Rá¶œ â†” v âˆ‰ R,v is in the complement of R if and only if v is not in R
âˆ… âˆˆ ğ’«(B),The empty set is in the power set of B
A âŠ† A âˆ§ A âŠ† A â†’ A = A,"If A is a subset of A and A is a subset of A, then A equals A"
S Ã— X,The Cartesian product of S and X
Z âŠ‡ X,Set Z is a superset of set X
Y âŠ† univ,Every set Y is a subset of the universal set
t âˆˆ U,The element t belongs to set U
A = T â†” (A âŠ† T âˆ§ T âŠ† A),Two sets are equal if and only if they are subsets of each other
U âˆª (B âˆ© S) = (U âˆª B) âˆ© (U âˆª S),Union distributes over intersection: U âˆª (B âˆ© S) = (U âˆª B) âˆ© (U âˆª S)
Z âŠ† univ,Every set Z is a subset of the universal set
T Ã— P,The Cartesian product of T and P
(P âˆª W)á¶œ = Pá¶œ âˆ© Wá¶œ,The complement of the union of P and W equals the intersection of their complements
a âˆˆ Wá¶œ â†” a âˆ‰ W,a is in the complement of W if and only if a is not in W
V âŠ‡ Z,Set V is a superset of set Z
U âˆ© B,The intersection of sets U and B
X âŠ† U,X is included in U
"âˆ€ S, S âŠ† R â†’ S âˆˆ ğ’«(R)",Every subset of R is an element of the power set of R
y âˆˆ Sá¶œ â†” y âˆ‰ S,y is in the complement of S if and only if y is not in S
R âˆ© R âŠ† R,The intersection of R and R is a subset of R
X âŠ† Z,Every element of X belongs to Z
a âˆˆ T,The element a belongs to set T
A âŠ‡ P,Set A is a superset of set P
"âˆ€ S âŠ† U, Finite S","For all subsets S of U, S is finite"
Injective (f : X â†’ P),f is injective on X
t âˆˆ X âˆª A â†” (t âˆˆ X âˆ¨ t âˆˆ A),t is in X union A if and only if t is in X or t is in A
"R = B â†” âˆ€ x, x âˆˆ R â†” x âˆˆ B",Sets R and B are equal if they have the same elements
R âˆ© (Q âˆª S) = (R âˆ© Q) âˆª (R âˆ© S),Intersection distributes over union: R âˆ© (Q âˆª S) = (R âˆ© Q) âˆª (R âˆ© S)
a âˆˆ Rá¶œ â†” a âˆ‰ R,a is in the complement of R if and only if a is not in R
z âˆˆ V âˆ© R â†” (z âˆˆ V âˆ§ z âˆˆ R),z belongs to the intersection of V and R if and only if z is in both V and R
C âˆˆ ğ’«(C),C is in its own power set
W âŠ‡ P,Set W is a superset of set P
(C âˆª Q)á¶œ = Cá¶œ âˆ© Qá¶œ,The complement of the union of C and Q equals the intersection of their complements
Yá¶œ,The complement of set Y
(Y âˆ© A)á¶œ = Yá¶œ âˆª Aá¶œ,The complement of the intersection of Y and A equals the union of their complements
C \ W,The set difference C minus W
Y âˆ© Z,The intersection of sets Y and Z
z âˆˆ W âˆ© V â†” (z âˆˆ W âˆ§ z âˆˆ V),z belongs to the intersection of W and V if and only if z is in both W and V
Disjoint U S â†’ U âˆ© S = âˆ…,"If U and S are disjoint, then U âˆ© S = âˆ…"
P âŠ† B,P is included in B
X âˆª S,The union of sets X and S
"âˆ€ x âˆˆ T, P x â†’ Q x","For every element x in T, if P(x) then Q(x)"
W âŠ† Y,W is contained in Y
U âˆª R,The union of sets U and R
z âˆˆ Bá¶œ â†” z âˆ‰ B,z is in the complement of B if and only if z is not in B
n âˆ‰ R,n is not a member of set R
"âˆ€ x, x âˆˆ univ",The universal set contains all elements
b âˆˆ Q âˆª Y â†” (b âˆˆ Q âˆ¨ b âˆˆ Y),b is in Q union Y if and only if b is in Q or b is in Y
R âŠ‡ P,Set R is a superset of set P
{x : â„ | 0 < x âˆ§ x < 1},The set of all real numbers between 0 and 1
m âˆˆ Y âˆª C â†” (m âˆˆ Y âˆ¨ m âˆˆ C),m is in Y union C if and only if m is in Y or m is in C
z âˆˆ Vá¶œ â†” z âˆ‰ V,z is in the complement of V if and only if z is not in V
"Q = W â†” âˆ€ x, x âˆˆ Q â†” x âˆˆ W",Sets Q and W are equal if they have the same elements
Z âˆ© X,The intersection of sets Z and X
"Injective f â†’ âˆ€ x y âˆˆ W, f x = f y â†’ x = y","If f is injective, then for all x, y in W, f(x) = f(y) implies x = y"
B \ R,The set difference B minus R
T âˆ© S,The intersection of sets T and S
f â»Â¹' V,The preimage of set V under function f
s âˆˆ Z âˆª P â†” (s âˆˆ Z âˆ¨ s âˆˆ P),s is in Z union P if and only if s is in Z or s is in P
V \ Y,The set difference V minus Y
a âˆˆ W âˆ© B â†” (a âˆˆ W âˆ§ a âˆˆ B),a belongs to the intersection of W and B if and only if a is in both W and B
Z âˆ© (B âˆª X) = (Z âˆ© B) âˆª (Z âˆ© X),Intersection distributes over union: Z âˆ© (B âˆª X) = (Z âˆ© B) âˆª (Z âˆ© X)
(Q âˆª U)á¶œ = Qá¶œ âˆ© Uá¶œ,The complement of the union of Q and U equals the intersection of their complements
s âˆˆ Zá¶œ â†” s âˆ‰ Z,s is in the complement of Z if and only if s is not in Z
P âŠ‡ Q,Set P is a superset of set Q
c âˆˆ R âˆ© W â†” (c âˆˆ R âˆ§ c âˆˆ W),c belongs to the intersection of R and W if and only if c is in both R and W
f â»Â¹' S,The preimage of set S under function f
y âˆ‰ C,y is not a member of set C
W âŠ‡ Q,Set W is a superset of set Q
(Xá¶œ)á¶œ = X,Double complement of X is X
V \ S,The set difference V minus S
C âˆ© X,The intersection of sets C and X
a âˆˆ V âˆ© T â†” (a âˆˆ V âˆ§ a âˆˆ T),a belongs to the intersection of V and T if and only if a is in both V and T
c âˆˆ X âˆ© W â†” (c âˆˆ X âˆ§ c âˆˆ W),c belongs to the intersection of X and W if and only if c is in both X and W
R âŠ† T,Every element of R belongs to T
k âˆˆ S âˆª Q â†” (k âˆˆ S âˆ¨ k âˆˆ Q),k is in S union Q if and only if k is in S or k is in Q
S âŠ† Y âˆ§ Y âŠ† S â†’ S âŠ† S,"If S âŠ† Y and Y âŠ† S, then S âŠ† S"
(S âˆ© C)á¶œ = Sá¶œ âˆª Cá¶œ,The complement of the intersection of S and C equals the union of their complements
V âˆª X,The union of sets V and X
y âˆˆ V âˆ© Z â†” (y âˆˆ V âˆ§ y âˆˆ Z),y belongs to the intersection of V and Z if and only if y is in both V and Z
"C Ã— R = {(a, b) | a âˆˆ C âˆ§ b âˆˆ R}","The Cartesian product C Ã— R is the set of all ordered pairs (a, b) where a âˆˆ C and b âˆˆ R"
{x âˆˆ X | Q x},The set of all elements in X satisfying property Q
b âˆˆ V,The element b belongs to set V
k âˆˆ Z,The element k belongs to set Z
(C âˆ© Z)á¶œ = Cá¶œ âˆª Zá¶œ,The complement of the intersection of C and Z equals the union of their complements
(P âˆª Y)á¶œ = Pá¶œ âˆ© Yá¶œ,The complement of the union of P and Y equals the intersection of their complements
X âŠ‡ C,Set X is a superset of set C
"U = W â†” âˆ€ x, x âˆˆ U â†” x âˆˆ W",Sets U and W are equal if they have the same elements
"âˆ€ x, x âˆ‰ âˆ…",The empty set has no elements
k âˆ‰ C,k is not a member of set C
k âˆˆ R âˆ© W â†” (k âˆˆ R âˆ§ k âˆˆ W),k belongs to the intersection of R and W if and only if k is in both R and W
Y âŠ† T âˆ§ T âŠ† A â†’ Y âŠ† A,"If Y âŠ† T and T âŠ† A, then Y âŠ† A"
v âˆˆ T \ W,v is in T but not in W
Sá¶œ,The complement of set S
X âˆ© (W âˆª S) = (X âˆ© W) âˆª (X âˆ© S),Intersection distributes over union: X âˆ© (W âˆª S) = (X âˆ© W) âˆª (X âˆ© S)
c âˆˆ Bá¶œ â†” c âˆ‰ B,c is in the complement of B if and only if c is not in B
y âˆˆ Aá¶œ â†” y âˆ‰ A,y is in the complement of A if and only if y is not in A
z âˆˆ T âˆ© S â†” (z âˆˆ T âˆ§ z âˆˆ S),z belongs to the intersection of T and S if and only if z is in both T and S
Q âˆ© X,The intersection of sets Q and X
R âˆ© (A âˆª A) = (R âˆ© A) âˆª (R âˆ© A),Intersection distributes over union: R âˆ© (A âˆª A) = (R âˆ© A) âˆª (R âˆ© A)
"âˆ€ S âŠ† R, Finite S","For all subsets S of R, S is finite"
X âˆª (A âˆ© C) = (X âˆª A) âˆ© (X âˆª C),Union distributes over intersection: X âˆª (A âˆ© C) = (X âˆª A) âˆ© (X âˆª C)
U âŠ† V âˆ§ V âŠ† Q â†’ U âŠ† Q,"If U âŠ† V and V âŠ† Q, then U âŠ† Q"
Z âˆª T,The union of sets Z and T
(Pá¶œ)á¶œ = P,Double complement of P is P
S âŠ‡ X,Set S is a superset of set X
b âˆˆ V \ R,b is in V but not in R
"âˆ€ x, x âˆˆ univ",Every element belongs to the universal set
U âˆ© Y,The intersection of sets U and Y
âˆ… âŠ† S,The empty set is a subset of every set S
"âˆ€ x, x âˆˆ univ",The universal set contains all elements
"{n : â„• | âˆƒ k, n = 2 * k}",The set of all even natural numbers
"S Ã— S = {(a, b) | a âˆˆ S âˆ§ b âˆˆ S}","The Cartesian product S Ã— S is the set of all ordered pairs (a, b) where a âˆˆ S and b âˆˆ S"
V âŠ† W âˆ§ W âŠ† T â†’ V âŠ† T,"If V âŠ† W and W âŠ† T, then V âŠ† T"
c âˆˆ S \ P,c is in S but not in P
Z âˆ© U,The intersection of sets Z and U
P âˆˆ ğ’«(P),P is in its own power set
A âŠ† W âˆ§ Infinite A â†’ Infinite W,"If A âŠ† W and A is infinite, then W is infinite"
"âˆƒ x âˆˆ U, Q x",There exists an element x in U such that property Q holds
"âˆ€ x, x âˆ‰ âˆ…",No element belongs to the empty set
a âˆˆ P âˆ© C â†” (a âˆˆ P âˆ§ a âˆˆ C),a belongs to the intersection of P and C if and only if a is in both P and C
"âˆƒ x âˆˆ P, Q x",There exists an element x in P such that property Q holds
T âˆ© (T âˆª R) = T,Tbsorption law for intersection: T âˆ© (T âˆª R) = T
"âˆƒ x âˆˆ V, Q x",There exists an element x in V such that property Q holds
U âŠ‡ Y,Set U is a superset of set Y
f '' X,The image of set X under function f
S âŠ† S â†’ Sá¶œ âŠ† Sá¶œ,"If S âŠ† S, then Sá¶œ âŠ† Sá¶œ"
Y âˆª (Y âˆ© V) = Y,Ybsorption law for union: Y âˆª (Y âˆ© V) = Y
f : P â†’ C,f maps P into C
m âˆˆ X âˆ© R â†” (m âˆˆ X âˆ§ m âˆˆ R),m belongs to the intersection of X and R if and only if m is in both X and R
Disjoint Q Qá¶œ,Q and its complement are disjoint
"âˆƒ x âˆˆ Z, Q x",There exists an element x in Z such that property Q holds
f '' S,The image of set S under function f
"âˆƒ S âŠ† Z, S â‰  âˆ…",There exists a subset S of Z that is non-empty
X âŠ‡ C,Set X is a superset of set C
Z \ W,The set difference Z minus W
Z âˆª (U âˆ© A) = (Z âˆª U) âˆ© (Z âˆª A),Union distributes over intersection: Z âˆª (U âˆ© A) = (Z âˆª U) âˆ© (Z âˆª A)
n âˆ‰ R,n is not a member of set R
X âŠ† T,Every element of X belongs to T
k âˆˆ S,The element k belongs to set S
B \ X,The set difference B minus X
Surjective (f : Q â†’ R),f is surjective from Q to R
Z âˆ© (Y âˆª Q) = (Z âˆ© Y) âˆª (Z âˆ© Q),Intersection distributes over union: Z âˆ© (Y âˆª Q) = (Z âˆ© Y) âˆª (Z âˆ© Q)
v âˆ‰ P,v is not a member of set P
V âˆª (V âˆ© U) = V,Vbsorption law for union: V âˆª (V âˆ© U) = V
t âˆˆ Vá¶œ â†” t âˆ‰ V,t is in the complement of V if and only if t is not in V
"âˆ€ x, x âˆ‰ âˆ…",No element belongs to the empty set
a âˆˆ U âˆª Y â†” (a âˆˆ U âˆ¨ a âˆˆ Y),a is in U union Y if and only if a is in U or a is in Y
W \ Y,The set difference W minus Y
"âˆ€ x, x âˆˆ univ",Every element belongs to the universal set
W âŠ† U,Set W is a subset of set U
X âŠ‡ Y,Set X is a superset of set Y
Uá¶œ,The complement of set U
X âŠ† R â†’ Rá¶œ âŠ† Xá¶œ,"If X âŠ† R, then Rá¶œ âŠ† Xá¶œ"
Sá¶œ,The complement of set S
W âˆ© C,The intersection of sets W and C
v âˆˆ Qá¶œ â†” v âˆ‰ Q,v is in the complement of Q if and only if v is not in Q
a âˆˆ Wá¶œ â†” a âˆ‰ W,a is in the complement of W if and only if a is not in W
{x : â„ | 0 < x âˆ§ x < 1},The set of all real numbers between 0 and 1
y âˆˆ X âˆ© V â†” (y âˆˆ X âˆ§ y âˆˆ V),y belongs to the intersection of X and V if and only if y is in both X and V
"âˆ€ x, x âˆˆ univ",The universal set contains all elements
W âˆª R,The union of sets W and R
"âˆ€ x, x âˆ‰ âˆ…",The empty set has no elements
f : Z â†’ T,f maps Z into T
v âˆ‰ A,v is not a member of set A
"âˆ€ S, S âŠ† B â†’ S âˆˆ ğ’«(B)",Every subset of B is an element of the power set of B
V âˆª W,The union of sets V and W
"âˆ€ x, x âˆ‰ âˆ…",The empty set has no elements
"âˆƒ! x âˆˆ R, P x",There exists a unique element x in R satisfying P
Z âˆ© Y,The intersection of sets Z and Y
m âˆˆ S âˆ© Z â†” (m âˆˆ S âˆ§ m âˆˆ Z),m belongs to the intersection of S and Z if and only if m is in both S and Z
"âˆ€ x, x âˆ‰ âˆ…",No element belongs to the empty set
Surjective (f : U â†’ Y),f is surjective from U to Y
C âŠ† Y,Set C is a subset of set Y
P âŠ† A âˆ§ A âŠ† P â†’ P = A,"If P is a subset of A and A is a subset of P, then P equals A"
{x : â„ | x > 0},The set of all positive real numbers
n âˆˆ Z âˆ© V â†” (n âˆˆ Z âˆ§ n âˆˆ V),n belongs to the intersection of Z and V if and only if n is in both Z and V
Y âˆª P,The union of sets Y and P
U âˆ© T,The intersection of sets U and T
B âŠ‡ W,Set B is a superset of set W
B âŠ† univ,Every set B is a subset of the universal set
P âˆª (U âˆ© B) = (P âˆª U) âˆ© (P âˆª B),Union distributes over intersection: P âˆª (U âˆ© B) = (P âˆª U) âˆ© (P âˆª B)
"âˆ€ x âˆˆ U, P x","For all x in U, property P holds"
U âˆ© V,The intersection of sets U and V
"âˆƒ! x âˆˆ P, P x",There exists a unique element x in P satisfying P
Vijective (f : R â†’ V),f is bijective from R to V
m âˆˆ B âˆª P â†” (m âˆˆ B âˆ¨ m âˆˆ P),m is in B union P if and only if m is in B or m is in P
{x : â„ | 0 < x âˆ§ x < 1},The set of all real numbers between 0 and 1
"{n : â„• | âˆƒ k, n = 2 * k}",The set of all even natural numbers
"âˆ€ x âˆˆ W, P x â†’ Q x","For every element x in W, if P(x) then Q(x)"
Y âˆ© R,The intersection of sets Y and R
(W âˆª B)á¶œ = Wá¶œ âˆ© Bá¶œ,The complement of the union of W and B equals the intersection of their complements
R = C â†” (R âŠ† C âˆ§ C âŠ† R),Two sets are equal if and only if they are subsets of each other
P âˆ© (P âˆª T) = P,Pbsorption law for intersection: P âˆ© (P âˆª T) = P
m âˆˆ P \ A,m is in P but not in A
âˆ… âŠ† R,The empty set is a subset of every set R
w âˆ‰ X,w is not a member of set X
"âˆƒ S âŠ† C, S â‰  âˆ…",There exists a subset S of C that is non-empty
"U Ã— U = {(a, b) | a âˆˆ U âˆ§ b âˆˆ U}","The Cartesian product U Ã— U is the set of all ordered pairs (a, b) where a âˆˆ U and b âˆˆ U"
S âˆ© X âŠ† S,The intersection of S and X is a subset of S
Finite R âˆ§ Finite T â†’ Finite (R âˆª T),"If R is finite and T is finite, then R âˆª T is finite"
{x : â„ | x > 0},The set of all positive real numbers
f '' R,The image of set R under function f
W âˆª U,The union of sets W and U
{x : â„ | x > 0},The set of all positive real numbers
Disjoint T Tá¶œ,T and its complement are disjoint
R âˆ© P âŠ† R,The intersection of R and P is a subset of R
t âˆˆ Y,The element t belongs to set Y
A âŠ‡ Z,Set A is a superset of set Z
V âŠ† Q,V is contained in Q
S \ Q,The set difference S minus Q
R âˆª (Y âˆ© Z) = (R âˆª Y) âˆ© (R âˆª Z),Union distributes over intersection: R âˆª (Y âˆ© Z) = (R âˆª Y) âˆ© (R âˆª Z)
k âˆˆ S \ C,k is in S but not in C
S \ U,The set difference S minus U
t âˆˆ S âˆ© P â†” (t âˆˆ S âˆ§ t âˆˆ P),t belongs to the intersection of S and P if and only if t is in both S and P
âˆ… âˆˆ ğ’«(U),The empty set is in the power set of U
t âˆˆ C \ U,t is in C but not in U
v âˆˆ Q âˆª P â†” (v âˆˆ Q âˆ¨ v âˆˆ P),v is in Q union P if and only if v is in Q or v is in P
k âˆˆ C \ Z,k is in C but not in Z
"âˆƒ! x âˆˆ C, P x",There exists a unique element x in C satisfying P
{x : â„ | x > 0},The set of all positive real numbers
"R Ã— A = {(a, b) | a âˆˆ R âˆ§ b âˆˆ A}","The Cartesian product R Ã— A is the set of all ordered pairs (a, b) where a âˆˆ R and b âˆˆ A"
v âˆˆ S âˆª P â†” (v âˆˆ S âˆ¨ v âˆˆ P),v is in S union P if and only if v is in S or v is in P
S âˆª R,The union of sets S and R
"A Ã— V = {(a, b) | a âˆˆ A âˆ§ b âˆˆ V}","The Cartesian product A Ã— V is the set of all ordered pairs (a, b) where a âˆˆ A and b âˆˆ V"
T âŠ† T âˆª U,T is a subset of the union of T and U
"âˆƒ S âŠ† Y, S â‰  âˆ…",There exists a subset S of Y that is non-empty
V âˆª X,The union of sets V and X
"âˆ€ x, x âˆˆ univ",The universal set contains all elements
Z âŠ† W,Z is contained in W
T âˆ© Z,The intersection of sets T and Z
P âŠ† U âˆ§ U âŠ† Y â†’ P âŠ† Y,"If P âŠ† U and U âŠ† Y, then P âŠ† Y"
S Ã— W,The Cartesian product of S and W
U âŠ† T âˆ§ T âŠ† S â†’ U âŠ† S,"If U âŠ† T and T âŠ† S, then U âŠ† S"
y âˆˆ T,The element y belongs to set T
âˆ… âŠ† V,The empty set is a subset of every set V
X âŠ‡ P,Set X is a superset of set P
{n : â„¤ | n < 10},The set of all integers less than 10
S âŠ† B,S is included in B
{n : â„¤ | n < 10},The set of all integers less than 10
A âŠ† T,Set A is a subset of set T
âˆ… âŠ† Y,The empty set is a subset of every set Y
f : V â†’ Q,f maps V into Q
"âˆ€ S âŠ† Y, Finite S","For all subsets S of Y, S is finite"
{x | P x},The set of all elements x such that property P holds
S âˆˆ ğ’«(S),S is in its own power set
Q âŠ† C â†’ Cá¶œ âŠ† Qá¶œ,"If Q âŠ† C, then Cá¶œ âŠ† Qá¶œ"
R âŠ† W âˆ§ W âŠ† Z â†’ R âŠ† Z,"If R âŠ† W and W âŠ† Z, then R âŠ† Z"
B âŠ‡ R,Set B is a superset of set R
"T Ã— C = {(a, b) | a âˆˆ T âˆ§ b âˆˆ C}","The Cartesian product T Ã— C is the set of all ordered pairs (a, b) where a âˆˆ T and b âˆˆ C"
U âŠ† univ,Every set U is a subset of the universal set
"âˆƒ x âˆˆ A, Q x",There exists an element x in A such that property Q holds
a âˆˆ U âˆ© W â†” (a âˆˆ U âˆ§ a âˆˆ W),a belongs to the intersection of U and W if and only if a is in both U and W
âˆ… âŠ† A,The empty set is a subset of every set A
b âˆˆ W \ X,b is in W but not in X
{x âˆˆ P | Q x},The set of all elements in P satisfying property Q
U âˆª R,The union of sets U and R
{n : â„¤ | n < 10},The set of all integers less than 10
"âˆ€ x âˆˆ Z, P x â†’ Q x","For every element x in Z, if P(x) then Q(x)"
Finite W âˆ§ Finite Y â†’ Finite (W âˆª Y),"If W is finite and Y is finite, then W âˆª Y is finite"
Y âŠ‡ P,Set Y is a superset of set P
y âˆˆ P \ V,y is in P but not in V
C âˆª Cá¶œ = univ,The union of C and its complement equals the universal set
"{n : â„• | âˆƒ k, n = 2 * k}",The set of all even natural numbers
"âˆ€ x, x âˆˆ univ",The universal set contains all elements
S âŠ† U,S is contained in U
S = R â†” (S âŠ† R âˆ§ R âŠ† S),Two sets are equal if and only if they are subsets of each other
Z âŠ† univ,Every set Z is a subset of the universal set
ğ’«(X) = {S | S âŠ† X},The power set of X is the set of all subsets of X
C âŠ‡ T,Set C is a superset of set T
m âˆˆ W âˆª X â†” (m âˆˆ W âˆ¨ m âˆˆ X),m is in W union X if and only if m is in W or m is in X
(X âˆ© Z)á¶œ = Xá¶œ âˆª Zá¶œ,The complement of the intersection of X and Z equals the union of their complements
"âˆ€ x, x âˆ‰ âˆ…",No element belongs to the empty set
Z âŠ† T,Z is included in T
ğ’«(Y) = {S | S âŠ† Y},The power set of Y is the set of all subsets of Y
âˆ… âŠ† Q,The empty set is a subset of every set Q
Z âŠ† V,Every element of Z belongs to V
s âˆˆ X \ P,s is in X but not in P
f : X â†’ T,f maps X into T
v âˆˆ Q âˆ© W â†” (v âˆˆ Q âˆ§ v âˆˆ W),v belongs to the intersection of Q and W if and only if v is in both Q and W
R âŠ† Z,Every element of R belongs to Z
X âŠ‡ W,Set X is a superset of set W
a âˆˆ T \ Q,a is in T but not in Q
w âˆˆ Yá¶œ â†” w âˆ‰ Y,w is in the complement of Y if and only if w is not in Y
B âˆª Y,The union of sets B and Y
n âˆˆ P âˆª X â†” (n âˆˆ P âˆ¨ n âˆˆ X),n is in P union X if and only if n is in P or n is in X
v âˆ‰ W,v is not a member of set W
"âˆ€ x âˆˆ C, P x","For all x in C, property P holds"
(R âˆ© P)á¶œ = Rá¶œ âˆª Pá¶œ,The complement of the intersection of R and P equals the union of their complements
"âˆ€ x âˆˆ A, P x","For all x in A, property P holds"
A âŠ† Y,A is contained in Y
Rá¶œ,The complement of set R
"{n : â„¤ | âˆƒ k, n = 2 * k + 1}",The set of all odd integers
X âˆª (P âˆ© S) = (X âˆª P) âˆ© (X âˆª S),Union distributes over intersection: X âˆª (P âˆ© S) = (X âˆª P) âˆ© (X âˆª S)
P âŠ† C âˆ§ C âŠ† P â†’ P = C,"If P is a subset of C and C is a subset of P, then P equals C"
"âˆƒ S âŠ† T, S â‰  âˆ…",There exists a subset S of T that is non-empty
W âˆ© T,The intersection of sets W and T
b âˆˆ W,The element b belongs to set W
c âˆ‰ W,c is not a member of set W
{x : â„ | x > 0},The set of all positive real numbers
"âˆ€ x, x âˆ‰ âˆ…",The empty set has no elements
v âˆˆ Z âˆª S â†” (v âˆˆ Z âˆ¨ v âˆˆ S),v is in Z union S if and only if v is in Z or v is in S
Q âˆ© (Q âˆª B) = Q,Qbsorption law for intersection: Q âˆ© (Q âˆª B) = Q
A âŠ‡ V,Set A is a superset of set V
P âŠ† T âˆ§ T âŠ† T â†’ P âŠ† T,"If P âŠ† T and T âŠ† T, then P âŠ† T"
m âˆˆ T,The element m belongs to set T
s âˆˆ V âˆª W â†” (s âˆˆ V âˆ¨ s âˆˆ W),s is in V union W if and only if s is in V or s is in W
f : Z â†’ Q,f maps Z into Q
"âˆ€ x, x âˆ‰ âˆ…",No element belongs to the empty set
Bá¶œ,The complement of set B
S \ R,The set difference S minus R
"C Ã— Z = {(a, b) | a âˆˆ C âˆ§ b âˆˆ Z}","The Cartesian product C Ã— Z is the set of all ordered pairs (a, b) where a âˆˆ C and b âˆˆ Z"
C âˆª S,The union of sets C and S
Y âˆª (Y âˆ© U) = Y,Ybsorption law for union: Y âˆª (Y âˆ© U) = Y
"âˆƒ! x âˆˆ A, P x",There exists a unique element x in A satisfying P
u âˆˆ Q \ Z,u is in Q but not in Z
R âŠ‡ B,Set R is a superset of set B
n âˆ‰ X,n is not a member of set X
m âˆˆ P,The element m belongs to set P
Aá¶œ,The complement of set A
(Aá¶œ)á¶œ = A,Double complement of A is A
U âˆª B,The union of sets U and B
Disjoint S Sá¶œ,S and its complement are disjoint
S Ã— Z,The Cartesian product of S and Z
Z âˆ© U,The intersection of sets Z and U
a âˆ‰ C,a is not a member of set C
k âˆˆ S \ Q,k is in S but not in Q
Disjoint Q Y â†’ Q âˆ© Y = âˆ…,"If Q and Y are disjoint, then Q âˆ© Y = âˆ…"
Z = R â†” (Z âŠ† R âˆ§ R âŠ† Z),Two sets are equal if and only if they are subsets of each other
c âˆ‰ C,c is not a member of set C
"S Ã— B = {(a, b) | a âˆˆ S âˆ§ b âˆˆ B}","The Cartesian product S Ã— B is the set of all ordered pairs (a, b) where a âˆˆ S and b âˆˆ B"
m âˆ‰ X,m is not a member of set X
Surjective (f : R â†’ U),f is surjective from R to U
Z âˆ© (Z âˆª Z) = Z,Zbsorption law for intersection: Z âˆ© (Z âˆª Z) = Z
{x | P x},The set of all elements x such that property P holds
"âˆƒ S âŠ† Q, S â‰  âˆ…",There exists a subset S of Q that is non-empty
Surjective (f : V â†’ S),f is surjective from V to S
"âˆ€ S âŠ† Y, Finite S","For all subsets S of Y, S is finite"
ğ’«(V) = {S | S âŠ† V},The power set of V is the set of all subsets of V
C âŠ† Z,C is contained in Z
a âˆ‰ T,a is not a member of set T
t âˆˆ W,The element t belongs to set W
Z âŠ† W âˆ§ Infinite Z â†’ Infinite W,"If Z âŠ† W and Z is infinite, then W is infinite"
"{n : â„• | âˆƒ k, n = 2 * k}",The set of all even natural numbers
"{n : â„¤ | âˆƒ k, n = 2 * k + 1}",The set of all odd integers
X âˆ© U,The intersection of sets X and U
Xijective (f : Y â†’ X),f is bijective from Y to X
V âŠ† A,V is included in A
R âŠ† S â†’ Sá¶œ âŠ† Rá¶œ,"If R âŠ† S, then Sá¶œ âŠ† Rá¶œ"
"âˆƒ x âˆˆ C, Q x",There exists an element x in C such that property Q holds
y âˆ‰ Z,y is not a member of set Z
"âˆƒ S âŠ† P, S â‰  âˆ…",There exists a subset S of P that is non-empty
x âˆˆ T,The element x belongs to set T
A âŠ‡ R,Set A is a superset of set R
W âˆª (W âˆ© R) = W,Wbsorption law for union: W âˆª (W âˆ© R) = W
Disjoint Z Zá¶œ,Z and its complement are disjoint
Y âŠ‡ Q,Set Y is a superset of set Q
S âˆ© (P âˆª U) = (S âˆ© P) âˆª (S âˆ© U),Intersection distributes over union: S âˆ© (P âˆª U) = (S âˆ© P) âˆª (S âˆ© U)
z âˆˆ W,The element z belongs to set W
b âˆ‰ C,b is not a member of set C
U âˆª T,The union of sets U and T
s âˆˆ T âˆª X â†” (s âˆˆ T âˆ¨ s âˆˆ X),s is in T union X if and only if s is in T or s is in X
Injective (f : Y â†’ V),f is injective on Y
Y âˆª (A âˆ© W) = (Y âˆª A) âˆ© (Y âˆª W),Union distributes over intersection: Y âˆª (A âˆ© W) = (Y âˆª A) âˆ© (Y âˆª W)
"âˆ€ x âˆˆ C, P x â†’ Q x","For every element x in C, if P(x) then Q(x)"
"âˆ€ x, x âˆˆ univ",Every element belongs to the universal set
"âˆ€ x âˆˆ V, P x â†’ Q x","For every element x in V, if P(x) then Q(x)"
n âˆˆ R âˆª A â†” (n âˆˆ R âˆ¨ n âˆˆ A),n is in R union A if and only if n is in R or n is in A
f : U â†’ W,f maps U into W
P âˆ© C,The intersection of sets P and C
U âŠ‡ X,Set U is a superset of set X
S âŠ‡ B,Set S is a superset of set B
A âˆ© V,The intersection of sets A and V
Z âˆª (A âˆ© V) = (Z âˆª A) âˆ© (Z âˆª V),Union distributes over intersection: Z âˆª (A âˆ© V) = (Z âˆª A) âˆ© (Z âˆª V)
u âˆˆ B,The element u belongs to set B
Surjective (f : W â†’ R),f is surjective from W to R
Y âŠ† X âˆ§ X âŠ† B â†’ Y âŠ† B,"If Y âŠ† X and X âŠ† B, then Y âŠ† B"
f : P â†’ U,f maps P into U
"âˆ€ x âˆˆ W, P x","For all x in W, property P holds"
V âŠ† X âˆ§ X âŠ† V â†’ V = X,"If V is a subset of X and X is a subset of V, then V equals X"
"âˆƒ x âˆˆ T, Q x",There exists an element x in T such that property Q holds
R âˆª S,The union of sets R and S
Pá¶œ,The complement of set P
"Q Ã— Z = {(a, b) | a âˆˆ Q âˆ§ b âˆˆ Z}","The Cartesian product Q Ã— Z is the set of all ordered pairs (a, b) where a âˆˆ Q and b âˆˆ Z"
y âˆˆ B âˆª P â†” (y âˆˆ B âˆ¨ y âˆˆ P),y is in B union P if and only if y is in B or y is in P
âˆ… âˆˆ ğ’«(W),The empty set is in the power set of W
b âˆˆ T âˆª R â†” (b âˆˆ T âˆ¨ b âˆˆ R),b is in T union R if and only if b is in T or b is in R
b âˆˆ C âˆ© X â†” (b âˆˆ C âˆ§ b âˆˆ X),b belongs to the intersection of C and X if and only if b is in both C and X
"Y Ã— Y = {(a, b) | a âˆˆ Y âˆ§ b âˆˆ Y}","The Cartesian product Y Ã— Y is the set of all ordered pairs (a, b) where a âˆˆ Y and b âˆˆ Y"
c âˆˆ Q \ V,c is in Q but not in V
V âˆˆ ğ’«(V),V is in its own power set
R âˆ© T âŠ† R,The intersection of R and T is a subset of R
{x âˆˆ C | Q x},The set of all elements in C satisfying property Q
Finite Q âˆ§ Finite V â†’ Finite (Q âˆª V),"If Q is finite and V is finite, then Q âˆª V is finite"
"âˆ€ x âˆˆ S, P x","For all x in S, property P holds"
T âˆª B,The union of sets T and B
"âˆ€ x, x âˆˆ univ",Every element belongs to the universal set
b âˆˆ U,The element b belongs to set U
Q âˆ© P,The intersection of sets Q and P
R \ C,The set difference R minus C
S âŠ† W,S is contained in W
T âˆ© Q,The intersection of sets T and Q
C âˆˆ ğ’«(C),C is in its own power set
w âˆˆ V âˆª T â†” (w âˆˆ V âˆ¨ w âˆˆ T),w is in V union T if and only if w is in V or w is in T
k âˆ‰ W,k is not a member of set W
U âˆ© (U âˆª R) = U,Ubsorption law for intersection: U âˆ© (U âˆª R) = U
Z âŠ† V â†’ Vá¶œ âŠ† Zá¶œ,"If Z âŠ† V, then Vá¶œ âŠ† Zá¶œ"
m âˆˆ W \ S,m is in W but not in S
v âˆ‰ Y,v is not a member of set Y
"âˆ€ x âˆˆ C, P x","For all x in C, property P holds"
Q âˆª (P âˆ© S) = (Q âˆª P) âˆ© (Q âˆª S),Union distributes over intersection: Q âˆª (P âˆ© S) = (Q âˆª P) âˆ© (Q âˆª S)
"{n : â„¤ | âˆƒ k, n = 2 * k + 1}",The set of all odd integers
S âŠ† P âˆ§ P âŠ† S â†’ S = P,"If S is a subset of P and P is a subset of S, then S equals P"
T âˆ© U,The intersection of sets T and U
"âˆ€ x âˆˆ V, P x","For all x in V, property P holds"
"{n : â„¤ | âˆƒ k, n = 2 * k + 1}",The set of all odd integers
Yá¶œ,The complement of set Y
S âŠ† U â†’ Uá¶œ âŠ† Sá¶œ,"If S âŠ† U, then Uá¶œ âŠ† Sá¶œ"
V âŠ† P,V is contained in P
t âˆˆ Aá¶œ â†” t âˆ‰ A,t is in the complement of A if and only if t is not in A
z âˆˆ T âˆª Q â†” (z âˆˆ T âˆ¨ z âˆˆ Q),z is in T union Q if and only if z is in T or z is in Q
V âˆ© (Z âˆª C) = (V âˆ© Z) âˆª (V âˆ© C),Intersection distributes over union: V âˆ© (Z âˆª C) = (V âˆ© Z) âˆª (V âˆ© C)
"Injective f â†’ âˆ€ x y âˆˆ V, f x = f y â†’ x = y","If f is injective, then for all x, y in V, f(x) = f(y) implies x = y"
W âŠ† P,W is included in P
R \ S,The set difference R minus S
v âˆ‰ A,v is not a member of set A
S âŠ† V,Every element of S belongs to V
v âˆˆ V \ T,v is in V but not in T
A âˆª X,The union of sets A and X
Q âŠ† X â†’ Xá¶œ âŠ† Qá¶œ,"If Q âŠ† X, then Xá¶œ âŠ† Qá¶œ"
{x | P x},The set of all elements x such that property P holds
s âˆˆ P âˆª T â†” (s âˆˆ P âˆ¨ s âˆˆ T),s is in P union T if and only if s is in P or s is in T
Q âˆª (V âˆ© X) = (Q âˆª V) âˆ© (Q âˆª X),Union distributes over intersection: Q âˆª (V âˆ© X) = (Q âˆª V) âˆ© (Q âˆª X)
(R âˆª U)á¶œ = Rá¶œ âˆ© Uá¶œ,The complement of the union of R and U equals the intersection of their complements
"âˆ€ S, S âŠ† Z â†’ S âˆˆ ğ’«(Z)",Every subset of Z is an element of the power set of Z
W âŠ† univ,Every set W is a subset of the universal set
ğ’«(P) = {S | S âŠ† P},The power set of P is the set of all subsets of P
(X âˆª T)á¶œ = Xá¶œ âˆ© Tá¶œ,The complement of the union of X and T equals the intersection of their complements
s âˆˆ R \ V,s is in R but not in V
"âˆ€ x, x âˆˆ univ",The universal set contains all elements
"âˆ€ x, x âˆ‰ âˆ…",The empty set has no elements
f : S â†’ T,f maps S into T
Y âŠ‡ T,Set Y is a superset of set T
V âˆª (W âˆ© Q) = (V âˆª W) âˆ© (V âˆª Q),Union distributes over intersection: V âˆª (W âˆ© Q) = (V âˆª W) âˆ© (V âˆª Q)
{x âˆˆ B | Q x},The set of all elements in B satisfying property Q
(P âˆª C)á¶œ = Pá¶œ âˆ© Cá¶œ,The complement of the union of P and C equals the intersection of their complements
P âˆª T,The union of sets P and T
R âŠ† R âˆª V,R is a subset of the union of R and V
a âˆˆ Z âˆª B â†” (a âˆˆ Z âˆ¨ a âˆˆ B),a is in Z union B if and only if a is in Z or a is in B
Disjoint S R â†’ S âˆ© R = âˆ…,"If S and R are disjoint, then S âˆ© R = âˆ…"
w âˆˆ X \ Y,w is in X but not in Y
"âˆƒ! x âˆˆ R, P x",There exists a unique element x in R satisfying P
"{n : â„• | âˆƒ k, n = 2 * k}",The set of all even natural numbers
B âˆª Y,The union of sets B and Y
x âˆ‰ V,x is not a member of set V
Vijective (f : U â†’ V),f is bijective from U to V
Finite R âˆ§ Finite Z â†’ Finite (R âˆª Z),"If R is finite and Z is finite, then R âˆª Z is finite"
U âŠ† Y,Every element of U belongs to Y
P âŠ‡ X,Set P is a superset of set X
z âˆ‰ X,z is not a member of set X
a âˆˆ Xá¶œ â†” a âˆ‰ X,a is in the complement of X if and only if a is not in X
âˆ… âŠ† A,The empty set is a subset of every set A
Disjoint U P â†’ U âˆ© P = âˆ…,"If U and P are disjoint, then U âˆ© P = âˆ…"
"âˆ€ x, x âˆ‰ âˆ…",No element belongs to the empty set
C âˆ© V,The intersection of sets C and V
n âˆˆ T âˆª W â†” (n âˆˆ T âˆ¨ n âˆˆ W),n is in T union W if and only if n is in T or n is in W
{n : â„• | n > 5},The set of all natural numbers greater than 5
ğ’«(Y) = {S | S âŠ† Y},The power set of Y is the set of all subsets of Y
Z âˆ© S âŠ† Z,The intersection of Z and S is a subset of Z
U âˆ© (U âˆª Q) = U,Ubsorption law for intersection: U âˆ© (U âˆª Q) = U
ğ’«(R) = {S | S âŠ† R},The power set of R is the set of all subsets of R
{n : â„• | n > 5},The set of all natural numbers greater than 5
"âˆ€ x âˆˆ A, P x â†’ Q x","For every element x in A, if P(x) then Q(x)"
t âˆˆ P âˆ© Q â†” (t âˆˆ P âˆ§ t âˆˆ Q),t belongs to the intersection of P and Q if and only if t is in both P and Q
Injective (f : T â†’ W),f is injective on T
s âˆ‰ S,s is not a member of set S
R âŠ† Z,Every element of R belongs to Z
W âˆª Q,The union of sets W and Q
S âˆª (S âˆ© Z) = S,Sbsorption law for union: S âˆª (S âˆ© Z) = S
c âˆ‰ B,c is not a member of set B
T âˆª (V âˆ© Q) = (T âˆª V) âˆ© (T âˆª Q),Union distributes over intersection: T âˆª (V âˆ© Q) = (T âˆª V) âˆ© (T âˆª Q)
T âˆ© (T âˆª P) = T,Tbsorption law for intersection: T âˆ© (T âˆª P) = T
"âˆƒ! x âˆˆ X, P x",There exists a unique element x in X satisfying P
(A âˆª W)á¶œ = Aá¶œ âˆ© Wá¶œ,The complement of the union of A and W equals the intersection of their complements
m âˆˆ Q,The element m belongs to set Q
T \ P,The set difference T minus P
n âˆ‰ Z,n is not a member of set Z
"âˆ€ x, x âˆˆ univ",The universal set contains all elements
Q Ã— W,The Cartesian product of Q and W
u âˆˆ X \ V,u is in X but not in V
X âˆˆ ğ’«(X),X is in its own power set
U âŠ† R,Set U is a subset of set R
X âŠ† X âˆª S,X is a subset of the union of X and S
C âŠ† Z,Every element of C belongs to Z
R âŠ‡ B,Set R is a superset of set B
"âˆ€ x âˆˆ C, P x â†’ Q x","For every element x in C, if P(x) then Q(x)"
R âŠ‡ Q,Set R is a superset of set Q
(T âˆ© R)á¶œ = Tá¶œ âˆª Rá¶œ,The complement of the intersection of T and R equals the union of their complements
"âˆ€ x, x âˆˆ univ",Every element belongs to the universal set
U Ã— B,The Cartesian product of U and B
{x : â„ | x > 0},The set of all positive real numbers
