lean_syntax,natural_language
Q âŠ‡ X,Set Q is a superset of set X
c âˆˆ S,The element c belongs to set S
(Q âˆª U)á¶œ = Qá¶œ âˆ© Uá¶œ,The complement of the union of Q and U equals the intersection of their complements
z âˆˆ T âˆ© S â†” (z âˆˆ T âˆ§ z âˆˆ S),z belongs to the intersection of T and S if and only if z is in both T and S
Disjoint T Tá¶œ,T and its complement are disjoint
T âˆ© (B âˆª T) = (T âˆ© B) âˆª (T âˆ© T),Intersection distributes over union: T âˆ© (B âˆª T) = (T âˆ© B) âˆª (T âˆ© T)
U âˆ© Y,The intersection of sets U and Y
ğ’«(V) = {S | S âŠ† V},The power set of V is the set of all subsets of V
y âˆ‰ C,y is not a member of set C
B \ P,The set difference B minus P
{n : â„• | n > 5},The set of all natural numbers greater than 5
"T Ã— U = {(a, b) | a âˆˆ T âˆ§ b âˆˆ U}","The Cartesian product T Ã— U is the set of all ordered pairs (a, b) where a âˆˆ T and b âˆˆ U"
"âˆ€ x âˆˆ Y, P x","For all x in Y, property P holds"
n âˆ‰ X,n is not a member of set X
âˆ… âŠ† U,The empty set is a subset of every set U
R âŠ‡ Y,Set R is a superset of set Y
k âˆˆ W,The element k belongs to set W
R âŠ† T,Every element of R belongs to T
m âˆˆ B âˆª P â†” (m âˆˆ B âˆ¨ m âˆˆ P),m is in B union P if and only if m is in B or m is in P
C âŠ‡ X,Set C is a superset of set X
"âˆ€ S âŠ† B, Finite S","For all subsets S of B, S is finite"
R âŠ‡ B,Set R is a superset of set B
X Ã— P,The Cartesian product of X and P
f : X â†’ X,f maps X into X
y âˆˆ V âˆ© Z â†” (y âˆˆ V âˆ§ y âˆˆ Z),y belongs to the intersection of V and Z if and only if y is in both V and Z
{x : â„ | x > 0},The set of all positive real numbers
(Rá¶œ)á¶œ = R,Double complement of R is R
Y âŠ† A âˆ§ A âŠ† W â†’ Y âŠ† W,"If Y âŠ† A and A âŠ† W, then Y âŠ† W"
{x : â„ | 0 < x âˆ§ x < 1},The set of all real numbers between 0 and 1
âˆ… âŠ† S,The empty set is a subset of every set S
n âˆˆ T âˆª W â†” (n âˆˆ T âˆ¨ n âˆˆ W),n is in T union W if and only if n is in T or n is in W
"âˆ€ x âˆˆ W, P x","For all x in W, property P holds"
W âˆª (W âˆ© R) = W,Wbsorption law for union: W âˆª (W âˆ© R) = W
T âŠ† Q,T is included in Q
U âŠ† Q,Set U is a subset of set Q
"Injective f â†’ âˆ€ x y âˆˆ R, f x = f y â†’ x = y","If f is injective, then for all x, y in R, f(x) = f(y) implies x = y"
{n : â„• | n > 5},The set of all natural numbers greater than 5
"âˆ€ x âˆˆ P, P x","For all x in P, property P holds"
V âˆª W,The union of sets V and W
"âˆ€ S, S âŠ† P â†’ S âˆˆ ğ’«(P)",Every subset of P is an element of the power set of P
"âˆƒ S âŠ† S, S â‰  âˆ…",There exists a subset S of S that is non-empty
b âˆˆ A âˆª Q â†” (b âˆˆ A âˆ¨ b âˆˆ Q),b is in A union Q if and only if b is in A or b is in Q
U âˆª B,The union of sets U and B
y âˆˆ Z âˆ© Q â†” (y âˆˆ Z âˆ§ y âˆˆ Q),y belongs to the intersection of Z and Q if and only if y is in both Z and Q
R âŠ‡ P,Set R is a superset of set P
y âˆˆ Y âˆ© R â†” (y âˆˆ Y âˆ§ y âˆˆ R),y belongs to the intersection of Y and R if and only if y is in both Y and R
U âŠ† univ,Every set U is a subset of the universal set
Z âˆˆ ğ’«(Z),Z is in its own power set
v âˆˆ Rá¶œ â†” v âˆ‰ R,v is in the complement of R if and only if v is not in R
S âŠ† S â†’ Sá¶œ âŠ† Sá¶œ,"If S âŠ† S, then Sá¶œ âŠ† Sá¶œ"
c âˆ‰ S,c is not a member of set S
Vá¶œ,The complement of set V
Y âˆª (S âˆ© C) = (Y âˆª S) âˆ© (Y âˆª C),Union distributes over intersection: Y âˆª (S âˆ© C) = (Y âˆª S) âˆ© (Y âˆª C)
W âˆ© T,The intersection of sets W and T
P âŠ‡ R,Set P is a superset of set R
"âˆ€ x, x âˆ‰ âˆ…",No element belongs to the empty set
z âˆˆ X,The element z belongs to set X
m âˆˆ R âˆª V â†” (m âˆˆ R âˆ¨ m âˆˆ V),m is in R union V if and only if m is in R or m is in V
"âˆƒ x âˆˆ C, Q x",There exists an element x in C such that property Q holds
Y \ A,The set difference Y minus A
{x : â„ | 0 < x âˆ§ x < 1},The set of all real numbers between 0 and 1
v âˆˆ V \ T,v is in V but not in T
w âˆˆ Yá¶œ â†” w âˆ‰ Y,w is in the complement of Y if and only if w is not in Y
T âˆ© W,The intersection of sets T and W
B \ R,The set difference B minus R
R âˆª (Y âˆ© Z) = (R âˆª Y) âˆ© (R âˆª Z),Union distributes over intersection: R âˆª (Y âˆ© Z) = (R âˆª Y) âˆ© (R âˆª Z)
b âˆˆ T âˆª R â†” (b âˆˆ T âˆ¨ b âˆˆ R),b is in T union R if and only if b is in T or b is in R
"Injective f â†’ âˆ€ x y âˆˆ C, f x = f y â†’ x = y","If f is injective, then for all x, y in C, f(x) = f(y) implies x = y"
w âˆˆ X \ Y,w is in X but not in Y
âˆ… âŠ† P,The empty set is a subset of every set P
Surjective (f : T â†’ B),f is surjective from T to B
P âŠ† T âˆ§ T âŠ† T â†’ P âŠ† T,"If P âŠ† T and T âŠ† T, then P âŠ† T"
f â»Â¹' P,The preimage of set P under function f
k âˆˆ S \ Q,k is in S but not in Q
Surjective (f : A â†’ R),f is surjective from A to R
S âŠ† B,S is included in B
v âˆ‰ P,v is not a member of set P
"âˆ€ x, x âˆ‰ âˆ…",The empty set has no elements
"âˆƒ x âˆˆ A, Q x",There exists an element x in A such that property Q holds
V âˆª X,The union of sets V and X
Injective (f : V â†’ Q),f is injective on V
"âˆƒ! x âˆˆ R, P x",There exists a unique element x in R satisfying P
A âŠ† X,A is contained in X
v âˆˆ Q âˆª P â†” (v âˆˆ Q âˆ¨ v âˆˆ P),v is in Q union P if and only if v is in Q or v is in P
Qá¶œ,The complement of set Q
(R âˆª U)á¶œ = Rá¶œ âˆ© Uá¶œ,The complement of the union of R and U equals the intersection of their complements
f : Z â†’ X,f maps Z into X
"âˆ€ S, S âŠ† R â†’ S âˆˆ ğ’«(R)",Every subset of R is an element of the power set of R
T âˆª (Z âˆ© R) = (T âˆª Z) âˆ© (T âˆª R),Union distributes over intersection: T âˆª (Z âˆ© R) = (T âˆª Z) âˆ© (T âˆª R)
Z âˆ© (B âˆª X) = (Z âˆ© B) âˆª (Z âˆ© X),Intersection distributes over union: Z âˆ© (B âˆª X) = (Z âˆ© B) âˆª (Z âˆ© X)
W âŠ† V,Every element of W belongs to V
"âˆ€ x âˆˆ V, P x â†’ Q x","For every element x in V, if P(x) then Q(x)"
Injective (f : T â†’ W),f is injective on T
Rá¶œ,The complement of set R
"âˆ€ x âˆˆ A, P x","For all x in A, property P holds"
Z âŠ‡ X,Set Z is a superset of set X
W âŠ† B âˆ§ B âŠ† Z â†’ W âŠ† Z,"If W âŠ† B and B âŠ† Z, then W âŠ† Z"
x âˆˆ Vá¶œ â†” x âˆ‰ V,x is in the complement of V if and only if x is not in V
{x âˆˆ A | Q x},The set of all elements in A satisfying property Q
w âˆˆ Vá¶œ â†” w âˆ‰ V,w is in the complement of V if and only if w is not in V
Disjoint S Sá¶œ,S and its complement are disjoint
W âŠ‡ X,Set W is a superset of set X
f '' W,The image of set W under function f
A âŠ‡ U,Set A is a superset of set U
T âˆ© (T âˆª P) = T,Tbsorption law for intersection: T âˆ© (T âˆª P) = T
v âˆˆ Z âˆª S â†” (v âˆˆ Z âˆ¨ v âˆˆ S),v is in Z union S if and only if v is in Z or v is in S
X âˆ© B,The intersection of sets X and B
Finite Q âˆ§ Finite V â†’ Finite (Q âˆª V),"If Q is finite and V is finite, then Q âˆª V is finite"
z âˆˆ Y âˆª Z â†” (z âˆˆ Y âˆ¨ z âˆˆ Z),z is in Y union Z if and only if z is in Y or z is in Z
Tá¶œ,The complement of set T
B âŠ† P,Every element of B belongs to P
C âŠ† B â†’ Bá¶œ âŠ† Cá¶œ,"If C âŠ† B, then Bá¶œ âŠ† Cá¶œ"
"âˆ€ x âˆˆ Q, P x","For all x in Q, property P holds"
S \ B,The set difference S minus B
Z âˆ© (Y âˆª Q) = (Z âˆ© Y) âˆª (Z âˆ© Q),Intersection distributes over union: Z âˆ© (Y âˆª Q) = (Z âˆ© Y) âˆª (Z âˆ© Q)
y âˆ‰ Q,y is not a member of set Q
Z âŠ† V â†’ Vá¶œ âŠ† Zá¶œ,"If Z âŠ† V, then Vá¶œ âŠ† Zá¶œ"
"âˆ€ x, x âˆ‰ âˆ…",No element belongs to the empty set
t âˆˆ W,The element t belongs to set W
"âˆ€ x âˆˆ A, P x","For all x in A, property P holds"
{n : â„¤ | n < 10},The set of all integers less than 10
R âŠ† S â†’ Sá¶œ âŠ† Rá¶œ,"If R âŠ† S, then Sá¶œ âŠ† Rá¶œ"
W âŠ† U,Set W is a subset of set U
U âˆª (B âˆ© S) = (U âˆª B) âˆ© (U âˆª S),Union distributes over intersection: U âˆª (B âˆ© S) = (U âˆª B) âˆ© (U âˆª S)
Finite A âˆ§ Finite V â†’ Finite (A âˆª V),"If A is finite and V is finite, then A âˆª V is finite"
c âˆˆ X âˆ© Y â†” (c âˆˆ X âˆ§ c âˆˆ Y),c belongs to the intersection of X and Y if and only if c is in both X and Y
"âˆ€ x, x âˆˆ univ",The universal set contains all elements
a âˆ‰ C,a is not a member of set C
Bijective (f : Z â†’ B),f is bijective from Z to B
Q âŠ† V âˆ§ Infinite Q â†’ Infinite V,"If Q âŠ† V and Q is infinite, then V is infinite"
"S Ã— S = {(a, b) | a âˆˆ S âˆ§ b âˆˆ S}","The Cartesian product S Ã— S is the set of all ordered pairs (a, b) where a âˆˆ S and b âˆˆ S"
"âˆƒ S âŠ† B, S â‰  âˆ…",There exists a subset S of B that is non-empty
{x : â„ | 0 < x âˆ§ x < 1},The set of all real numbers between 0 and 1
A âˆª T,The union of sets A and T
Z Ã— U,The Cartesian product of Z and U
U \ Q,The set difference U minus Q
Y âˆª (Y âˆ© W) = Y,Ybsorption law for union: Y âˆª (Y âˆ© W) = Y
"âˆ€ x âˆˆ B, P x â†’ Q x","For every element x in B, if P(x) then Q(x)"
P âŠ‡ W,Set P is a superset of set W
{n : â„¤ | n < 10},The set of all integers less than 10
{x : â„ | x > 0},The set of all positive real numbers
t âˆ‰ A,t is not a member of set A
k âˆ‰ X,k is not a member of set X
C âŠ† Z,Every element of C belongs to Z
V âŠ‡ T,Set V is a superset of set T
{x | P x},The set of all elements x such that property P holds
Aá¶œ,The complement of set A
A âˆª P,The union of sets A and P
"Y Ã— Y = {(a, b) | a âˆˆ Y âˆ§ b âˆˆ Y}","The Cartesian product Y Ã— Y is the set of all ordered pairs (a, b) where a âˆˆ Y and b âˆˆ Y"
W âŠ‡ R,Set W is a superset of set R
{x : â„ | x > 0},The set of all positive real numbers
"âˆ€ x âˆˆ T, P x â†’ Q x","For every element x in T, if P(x) then Q(x)"
Finite Y âˆ§ Finite R â†’ Finite (Y âˆª R),"If Y is finite and R is finite, then Y âˆª R is finite"
V âŠ† V âˆ§ Infinite V â†’ Infinite V,"If V âŠ† V and V is infinite, then V is infinite"
Y âˆ© U,The intersection of sets Y and U
v âˆˆ Q âˆ© W â†” (v âˆˆ Q âˆ§ v âˆˆ W),v belongs to the intersection of Q and W if and only if v is in both Q and W
âˆ… âˆˆ ğ’«(B),The empty set is in the power set of B
S âŠ‡ C,Set S is a superset of set C
n âˆ‰ R,n is not a member of set R
W âŠ† P,W is included in P
Y âŠ‡ Q,Set Y is a superset of set Q
U âŠ‡ Y,Set U is a superset of set Y
Xijective (f : T â†’ X),f is bijective from T to X
x âˆˆ C âˆª U â†” (x âˆˆ C âˆ¨ x âˆˆ U),x is in C union U if and only if x is in C or x is in U
Z âˆ© V,The intersection of sets Z and V
Finite R âˆ§ Finite T â†’ Finite (R âˆª T),"If R is finite and T is finite, then R âˆª T is finite"
T âˆª B,The union of sets T and B
X âˆª (X âˆ© R) = X,Xbsorption law for union: X âˆª (X âˆ© R) = X
W âˆª (W âˆ© P) = W,Wbsorption law for union: W âˆª (W âˆ© P) = W
"âˆ€ x âˆˆ A, P x","For all x in A, property P holds"
k âˆˆ B âˆ© V â†” (k âˆˆ B âˆ§ k âˆˆ V),k belongs to the intersection of B and V if and only if k is in both B and V
W âŠ‡ P,Set W is a superset of set P
âˆ… âŠ† B,The empty set is a subset of every set B
x âˆˆ Uá¶œ â†” x âˆ‰ U,x is in the complement of U if and only if x is not in U
y âˆˆ R âˆ© T â†” (y âˆˆ R âˆ§ y âˆˆ T),y belongs to the intersection of R and T if and only if y is in both R and T
"U Ã— U = {(a, b) | a âˆˆ U âˆ§ b âˆˆ U}","The Cartesian product U Ã— U is the set of all ordered pairs (a, b) where a âˆˆ U and b âˆˆ U"
"âˆ€ x, x âˆ‰ âˆ…",The empty set has no elements
y âˆˆ R,The element y belongs to set R
V âŠ† P,V is contained in P
Y âˆª (X âˆ© Y) = (Y âˆª X) âˆ© (Y âˆª Y),Union distributes over intersection: Y âˆª (X âˆ© Y) = (Y âˆª X) âˆ© (Y âˆª Y)
"âˆ€ x âˆˆ Z, P x â†’ Q x","For every element x in Z, if P(x) then Q(x)"
Q âˆ© X,The intersection of sets Q and X
t âˆˆ Vá¶œ â†” t âˆ‰ V,t is in the complement of V if and only if t is not in V
{n : â„¤ | n < 10},The set of all integers less than 10
v âˆˆ Bá¶œ â†” v âˆ‰ B,v is in the complement of B if and only if v is not in B
"âˆ€ S âŠ† Y, Finite S","For all subsets S of Y, S is finite"
V âŠ† U,V is contained in U
R âŠ† U âˆ§ Infinite R â†’ Infinite U,"If R âŠ† U and R is infinite, then U is infinite"
R âŠ† R âˆª X,R is a subset of the union of R and X
Q \ T,The set difference Q minus T
A âˆª Q,The union of sets A and Q
X âŠ† T,Set X is a subset of set T
"Y = S â†” âˆ€ x, x âˆˆ Y â†” x âˆˆ S",Sets Y and S are equal if they have the same elements
(T âˆ© S)á¶œ = Tá¶œ âˆª Sá¶œ,The complement of the intersection of T and S equals the union of their complements
A âŠ† T,Set A is a subset of set T
U = C â†” (U âŠ† C âˆ§ C âŠ† U),Two sets are equal if and only if they are subsets of each other
b âˆˆ Y,The element b belongs to set Y
k âˆˆ Zá¶œ â†” k âˆ‰ Z,k is in the complement of Z if and only if k is not in Z
v âˆ‰ A,v is not a member of set A
âˆ… âŠ† A,The empty set is a subset of every set A
n âˆ‰ Z,n is not a member of set Z
Z \ Y,The set difference Z minus Y
ğ’«(X) = {S | S âŠ† X},The power set of X is the set of all subsets of X
R âˆª S,The union of sets R and S
V âŠ† A âˆ§ A âŠ† V â†’ V = A,"If V is a subset of A and A is a subset of V, then V equals A"
P âˆ© (R âˆª P) = (P âˆ© R) âˆª (P âˆ© P),Intersection distributes over union: P âˆ© (R âˆª P) = (P âˆ© R) âˆª (P âˆ© P)
(Z âˆ© X)á¶œ = Zá¶œ âˆª Xá¶œ,The complement of the intersection of Z and X equals the union of their complements
T \ C,The set difference T minus C
W âˆª U,The union of sets W and U
b âˆˆ Aá¶œ â†” b âˆ‰ A,b is in the complement of A if and only if b is not in A
b âˆˆ U,The element b belongs to set U
"A Ã— Q = {(a, b) | a âˆˆ A âˆ§ b âˆˆ Q}","The Cartesian product A Ã— Q is the set of all ordered pairs (a, b) where a âˆˆ A and b âˆˆ Q"
"âˆƒ! x âˆˆ P, P x",There exists a unique element x in P satisfying P
C âˆ© (C âˆª W) = C,Cbsorption law for intersection: C âˆ© (C âˆª W) = C
Z = X â†” (Z âŠ† X âˆ§ X âŠ† Z),Two sets are equal if and only if they are subsets of each other
a âˆˆ U âˆª Y â†” (a âˆˆ U âˆ¨ a âˆˆ Y),a is in U union Y if and only if a is in U or a is in Y
Wá¶œ,The complement of set W
v âˆˆ R âˆª Y â†” (v âˆˆ R âˆ¨ v âˆˆ Y),v is in R union Y if and only if v is in R or v is in Y
X âŠ† X âˆª S,X is a subset of the union of X and S
Q âˆª (A âˆ© S) = (Q âˆª A) âˆ© (Q âˆª S),Union distributes over intersection: Q âˆª (A âˆ© S) = (Q âˆª A) âˆ© (Q âˆª S)
A âˆª (A âˆ© Y) = A,Absorption law for union: A âˆª (A âˆ© Y) = A
Q âŠ† X â†’ Xá¶œ âŠ† Qá¶œ,"If Q âŠ† X, then Xá¶œ âŠ† Qá¶œ"
Z âŠ† V âˆ§ V âŠ† Q â†’ Z âŠ† Q,"If Z âŠ† V and V âŠ† Q, then Z âŠ† Q"
t âˆˆ X âˆª A â†” (t âˆˆ X âˆ¨ t âˆˆ A),t is in X union A if and only if t is in X or t is in A
t âˆˆ R \ S,t is in R but not in S
"âˆ€ x, x âˆ‰ âˆ…",The empty set has no elements
P âˆª (P âˆ© T) = P,Pbsorption law for union: P âˆª (P âˆ© T) = P
c âˆˆ R,The element c belongs to set R
"{n : â„¤ | âˆƒ k, n = 2 * k + 1}",The set of all odd integers
ğ’«(R) = {S | S âŠ† R},The power set of R is the set of all subsets of R
(A âˆª Q)á¶œ = Aá¶œ âˆ© Qá¶œ,The complement of the union of A and Q equals the intersection of their complements
C âŠ‡ B,Set C is a superset of set B
f : S â†’ T,f maps S into T
{x âˆˆ Z | Q x},The set of all elements in Z satisfying property Q
"R = B â†” âˆ€ x, x âˆˆ R â†” x âˆˆ B",Sets R and B are equal if they have the same elements
a âˆˆ X âˆ© A â†” (a âˆˆ X âˆ§ a âˆˆ A),a belongs to the intersection of X and A if and only if a is in both X and A
T âˆ© Q,The intersection of sets T and Q
"âˆ€ x, x âˆˆ univ",Every element belongs to the universal set
s âˆˆ A âˆª S â†” (s âˆˆ A âˆ¨ s âˆˆ S),s is in A union S if and only if s is in A or s is in S
Surjective (f : V â†’ S),f is surjective from V to S
"{n : â„• | âˆƒ k, n = 2 * k}",The set of all even natural numbers
w âˆˆ S âˆ© V â†” (w âˆˆ S âˆ§ w âˆˆ V),w belongs to the intersection of S and V if and only if w is in both S and V
ğ’«(Y) = {S | S âŠ† Y},The power set of Y is the set of all subsets of Y
B \ X,The set difference B minus X
"Injective f â†’ âˆ€ x y âˆˆ A, f x = f y â†’ x = y","If f is injective, then for all x, y in A, f(x) = f(y) implies x = y"
Y âˆ© T,The intersection of sets Y and T
W âˆ© C,The intersection of sets W and C
Y âŠ† univ,Every set Y is a subset of the universal set
f '' X,The image of set X under function f
X âˆ© (W âˆª S) = (X âˆ© W) âˆª (X âˆ© S),Intersection distributes over union: X âˆ© (W âˆª S) = (X âˆ© W) âˆª (X âˆ© S)
V âŠ† Y âˆ§ Y âŠ† V â†’ V = Y,"If V is a subset of Y and Y is a subset of V, then V equals Y"
{x : â„ | 0 < x âˆ§ x < 1},The set of all real numbers between 0 and 1
"{n : â„• | âˆƒ k, n = 2 * k}",The set of all even natural numbers
b âˆˆ W \ X,b is in W but not in X
Pá¶œ,The complement of set P
m âˆˆ V \ P,m is in V but not in P
T âˆ© U,The intersection of sets T and U
v âˆˆ X âˆ© S â†” (v âˆˆ X âˆ§ v âˆˆ S),v belongs to the intersection of X and S if and only if v is in both X and S
Y âˆª W,The union of sets Y and W
P âˆª (S âˆ© X) = (P âˆª S) âˆ© (P âˆª X),Union distributes over intersection: P âˆª (S âˆ© X) = (P âˆª S) âˆ© (P âˆª X)
Y = U â†” (Y âŠ† U âˆ§ U âŠ† Y),Two sets are equal if and only if they are subsets of each other
n âˆˆ V,The element n belongs to set V
"{n : â„¤ | âˆƒ k, n = 2 * k + 1}",The set of all odd integers
Tá¶œ,The complement of set T
X âˆ© (W âˆª B) = (X âˆ© W) âˆª (X âˆ© B),Intersection distributes over union: X âˆ© (W âˆª B) = (X âˆ© W) âˆª (X âˆ© B)
"âˆ€ x, x âˆ‰ âˆ…",The empty set has no elements
X âŠ† T,Every element of X belongs to T
f : P â†’ C,f maps P into C
A âˆ© Y,The intersection of sets A and Y
(V âˆª R)á¶œ = Vá¶œ âˆ© Rá¶œ,The complement of the union of V and R equals the intersection of their complements
t âˆˆ Y,The element t belongs to set Y
Z âˆª T,The union of sets Z and T
Q âŠ† U,Q is included in U
P âˆ© (A âˆª W) = (P âˆ© A) âˆª (P âˆ© W),Intersection distributes over union: P âˆ© (A âˆª W) = (P âˆ© A) âˆª (P âˆ© W)
m âˆˆ S,The element m belongs to set S
"Z = A â†” âˆ€ x, x âˆˆ Z â†” x âˆˆ A",Sets Z and A are equal if they have the same elements
P âŠ† V,Set P is a subset of set V
n âˆˆ R âˆª Q â†” (n âˆˆ R âˆ¨ n âˆˆ Q),n is in R union Q if and only if n is in R or n is in Q
"âˆ€ x, x âˆˆ univ",Every element belongs to the universal set
"âˆƒ S âŠ† A, S â‰  âˆ…",There exists a subset S of A that is non-empty
W âˆ© X,The intersection of sets W and X
a âˆˆ Z âˆª B â†” (a âˆˆ Z âˆ¨ a âˆˆ B),a is in Z union B if and only if a is in Z or a is in B
"âˆƒ! x âˆˆ A, P x",There exists a unique element x in A satisfying P
"âˆ€ x, x âˆ‰ âˆ…",The empty set has no elements
ğ’«(S) = {S | S âŠ† S},The power set of S is the set of all subsets of S
B âˆª Y,The union of sets B and Y
Q âŠ† Q âˆ§ Q âŠ† A â†’ Q âŠ† A,"If Q âŠ† Q and Q âŠ† A, then Q âŠ† A"
V âˆª C,The union of sets V and C
Q = R â†” (Q âŠ† R âˆ§ R âŠ† Q),Two sets are equal if and only if they are subsets of each other
W âŠ† univ,Every set W is a subset of the universal set
A âŠ‡ P,Set A is a superset of set P
R âˆ© (Z âˆª T) = (R âˆ© Z) âˆª (R âˆ© T),Intersection distributes over union: R âˆ© (Z âˆª T) = (R âˆ© Z) âˆª (R âˆ© T)
âˆ… âŠ† C,The empty set is a subset of every set C
"âˆ€ S âŠ† Y, Finite S","For all subsets S of Y, S is finite"
Disjoint X Xá¶œ,X and its complement are disjoint
X âˆª (A âˆ© C) = (X âˆª A) âˆ© (X âˆª C),Union distributes over intersection: X âˆª (A âˆ© C) = (X âˆª A) âˆ© (X âˆª C)
âˆ… âŠ† V,The empty set is a subset of every set V
y âˆˆ B \ Q,y is in B but not in Q
Y âŠ‡ T,Set Y is a superset of set T
m âˆˆ P,The element m belongs to set P
A âˆ© U,The intersection of sets A and U
R âŠ† W âˆ§ W âŠ† Z â†’ R âŠ† Z,"If R âŠ† W and W âŠ† Z, then R âŠ† Z"
T \ P,The set difference T minus P
{x âˆˆ B | Q x},The set of all elements in B satisfying property Q
b âˆˆ R âˆ© P â†” (b âˆˆ R âˆ§ b âˆˆ P),b belongs to the intersection of R and P if and only if b is in both R and P
S âˆ© (S âˆª S) = (S âˆ© S) âˆª (S âˆ© S),Intersection distributes over union: S âˆ© (S âˆª S) = (S âˆ© S) âˆª (S âˆ© S)
B âŠ‡ R,Set B is a superset of set R
k âˆˆ S \ C,k is in S but not in C
C âŠ† Y,Set C is a subset of set Y
"âˆƒ x âˆˆ Z, Q x",There exists an element x in Z such that property Q holds
y âˆˆ Zá¶œ â†” y âˆ‰ Z,y is in the complement of Z if and only if y is not in Z
m âˆ‰ Y,m is not a member of set Y
y âˆˆ X âˆ© V â†” (y âˆˆ X âˆ§ y âˆˆ V),y belongs to the intersection of X and V if and only if y is in both X and V
w âˆˆ C âˆ© A â†” (w âˆˆ C âˆ§ w âˆˆ A),w belongs to the intersection of C and A if and only if w is in both C and A
a âˆˆ Wá¶œ â†” a âˆ‰ W,a is in the complement of W if and only if a is not in W
U âŠ† V âˆ§ V âŠ† U â†’ U = V,"If U is a subset of V and V is a subset of U, then U equals V"
{x âˆˆ X | Q x},The set of all elements in X satisfying property Q
V \ S,The set difference V minus S
(W âˆª B)á¶œ = Wá¶œ âˆ© Bá¶œ,The complement of the union of W and B equals the intersection of their complements
m âˆˆ T,The element m belongs to set T
z âˆ‰ Q,z is not a member of set Q
Z âŠ† T âˆ§ T âŠ† Z â†’ Z = T,"If Z is a subset of T and T is a subset of Z, then Z equals T"
Surjective (f : W â†’ R),f is surjective from W to R
Y âˆ© S,The intersection of sets Y and S
"âˆƒ x âˆˆ V, Q x",There exists an element x in V such that property Q holds
v âˆˆ P âˆ© S â†” (v âˆˆ P âˆ§ v âˆˆ S),v belongs to the intersection of P and S if and only if v is in both P and S
(C âˆ© Z)á¶œ = Cá¶œ âˆª Zá¶œ,The complement of the intersection of C and Z equals the union of their complements
m âˆˆ S âˆ© Z â†” (m âˆˆ S âˆ§ m âˆˆ Z),m belongs to the intersection of S and Z if and only if m is in both S and Z
T âŠ‡ W,Set T is a superset of set W
(C âˆª Q)á¶œ = Cá¶œ âˆ© Qá¶œ,The complement of the union of C and Q equals the intersection of their complements
w âˆˆ V âˆª T â†” (w âˆˆ V âˆ¨ w âˆˆ T),w is in V union T if and only if w is in V or w is in T
Rá¶œ,The complement of set R
U âˆ© (A âˆª B) = (U âˆ© A) âˆª (U âˆ© B),Intersection distributes over union: U âˆ© (A âˆª B) = (U âˆ© A) âˆª (U âˆ© B)
(P âˆª W)á¶œ = Pá¶œ âˆ© Wá¶œ,The complement of the union of P and W equals the intersection of their complements
B âŠ† C,Set B is a subset of set C
P âˆª (Z âˆ© V) = (P âˆª Z) âˆ© (P âˆª V),Union distributes over intersection: P âˆª (Z âˆ© V) = (P âˆª Z) âˆ© (P âˆª V)
W âˆ© (W âˆª C) = W,Wbsorption law for intersection: W âˆ© (W âˆª C) = W
W âˆ© (P âˆª Q) = (W âˆ© P) âˆª (W âˆ© Q),Intersection distributes over union: W âˆ© (P âˆª Q) = (W âˆ© P) âˆª (W âˆ© Q)
R âŠ‡ B,Set R is a superset of set B
U âŠ† V âˆ§ V âŠ† Q â†’ U âŠ† Q,"If U âŠ† V and V âŠ† Q, then U âŠ† Q"
f : U â†’ V,f maps U into V
(Vá¶œ)á¶œ = V,Double complement of V is V
s âˆˆ X âˆ© R â†” (s âˆˆ X âˆ§ s âˆˆ R),s belongs to the intersection of X and R if and only if s is in both X and R
Injective (f : S â†’ Q),f is injective on S
X âŠ‡ P,Set X is a superset of set P
c âˆ‰ A,c is not a member of set A
{x | P x},The set of all elements x such that property P holds
t âˆˆ S âˆ© P â†” (t âˆˆ S âˆ§ t âˆˆ P),t belongs to the intersection of S and P if and only if t is in both S and P
Z âˆª A,The union of sets Z and A
W âŠ‡ Z,Set W is a superset of set Z
"âˆ€ S, S âŠ† B â†’ S âˆˆ ğ’«(B)",Every subset of B is an element of the power set of B
"{n : â„• | âˆƒ k, n = 2 * k}",The set of all even natural numbers
"âˆƒ! x âˆˆ R, P x",There exists a unique element x in R satisfying P
v âˆˆ W,The element v belongs to set W
Z âŠ† W âˆ§ Infinite Z â†’ Infinite W,"If Z âŠ† W and Z is infinite, then W is infinite"
âˆ… âŠ† V,The empty set is a subset of every set V
R âŠ‡ U,Set R is a superset of set U
Y âˆª P,The union of sets Y and P
A âˆª (U âˆ© X) = (A âˆª U) âˆ© (A âˆª X),Union distributes over intersection: A âˆª (U âˆ© X) = (A âˆª U) âˆ© (A âˆª X)
f '' Q,The image of set Q under function f
{x : â„ | x > 0},The set of all positive real numbers
V âˆª (Y âˆ© B) = (V âˆª Y) âˆ© (V âˆª B),Union distributes over intersection: V âˆª (Y âˆ© B) = (V âˆª Y) âˆ© (V âˆª B)
A âˆª (Z âˆ© R) = (A âˆª Z) âˆ© (A âˆª R),Union distributes over intersection: A âˆª (Z âˆ© R) = (A âˆª Z) âˆ© (A âˆª R)
C \ W,The set difference C minus W
Disjoint Y P â†’ Y âˆ© P = âˆ…,"If Y and P are disjoint, then Y âˆ© P = âˆ…"
A âˆª W,The union of sets A and W
u âˆˆ B \ Q,u is in B but not in Q
Surjective (f : Y â†’ Y),f is surjective from Y to Y
S âˆ© T,The intersection of sets S and T
x âˆ‰ Q,x is not a member of set Q
c âˆˆ Yá¶œ â†” c âˆ‰ Y,c is in the complement of Y if and only if c is not in Y
Surjective (f : U â†’ Y),f is surjective from U to Y
Y âŠ† X âˆ§ X âŠ† B â†’ Y âŠ† B,"If Y âŠ† X and X âŠ† B, then Y âŠ† B"
P âˆª C,The union of sets P and C
Z âŠ† Z âˆª S,Z is a subset of the union of Z and S
z âˆˆ Y âˆª A â†” (z âˆˆ Y âˆ¨ z âˆˆ A),z is in Y union A if and only if z is in Y or z is in A
U âŠ‡ R,Set U is a superset of set R
Vijective (f : U â†’ V),f is bijective from U to V
A âˆ© S,The intersection of sets A and S
Q âˆ© (W âˆª C) = (Q âˆ© W) âˆª (Q âˆ© C),Intersection distributes over union: Q âˆ© (W âˆª C) = (Q âˆ© W) âˆª (Q âˆ© C)
{x | P x},The set of all elements x such that property P holds
X âˆª (U âˆ© V) = (X âˆª U) âˆ© (X âˆª V),Union distributes over intersection: X âˆª (U âˆ© V) = (X âˆª U) âˆ© (X âˆª V)
s âˆˆ Z âˆª P â†” (s âˆˆ Z âˆ¨ s âˆˆ P),s is in Z union P if and only if s is in Z or s is in P
"âˆ€ x, x âˆˆ univ",The universal set contains all elements
"âˆ€ x âˆˆ R, P x â†’ Q x","For every element x in R, if P(x) then Q(x)"
V âˆ© P,The intersection of sets V and P
"U Ã— U = {(a, b) | a âˆˆ U âˆ§ b âˆˆ U}","The Cartesian product U Ã— U is the set of all ordered pairs (a, b) where a âˆˆ U and b âˆˆ U"
"âˆ€ x, x âˆ‰ âˆ…",No element belongs to the empty set
x âˆ‰ V,x is not a member of set V
"{n : â„• | âˆƒ k, n = 2 * k}",The set of all even natural numbers
X âŠ† T,Set X is a subset of set T
"âˆ€ x, x âˆˆ univ",Every element belongs to the universal set
R \ C,The set difference R minus C
z âˆˆ B âˆ© T â†” (z âˆˆ B âˆ§ z âˆˆ T),z belongs to the intersection of B and T if and only if z is in both B and T
{x : â„ | 0 < x âˆ§ x < 1},The set of all real numbers between 0 and 1
"âˆ€ x, x âˆ‰ âˆ…",No element belongs to the empty set
"âˆƒ! x âˆˆ R, P x",There exists a unique element x in R satisfying P
V = S â†” (V âŠ† S âˆ§ S âŠ† V),Two sets are equal if and only if they are subsets of each other
X âˆª (P âˆ© S) = (X âˆª P) âˆ© (X âˆª S),Union distributes over intersection: X âˆª (P âˆ© S) = (X âˆª P) âˆ© (X âˆª S)
âˆ… âŠ† Y,The empty set is a subset of every set Y
R âŠ† Z,Every element of R belongs to Z
n âˆˆ U \ C,n is in U but not in C
"âˆƒ S âŠ† Y, S â‰  âˆ…",There exists a subset S of Y that is non-empty
"{n : â„¤ | âˆƒ k, n = 2 * k + 1}",The set of all odd integers
"âˆ€ x, x âˆ‰ âˆ…",The empty set has no elements
R âŠ† T âˆ§ Infinite R â†’ Infinite T,"If R âŠ† T and R is infinite, then T is infinite"
X âŠ‡ C,Set X is a superset of set C
s âˆˆ P âˆ© Y â†” (s âˆˆ P âˆ§ s âˆˆ Y),s belongs to the intersection of P and Y if and only if s is in both P and Y
Z âˆ© C âŠ† Z,The intersection of Z and C is a subset of Z
Bá¶œ,The complement of set B
"âˆƒ S âŠ† R, S â‰  âˆ…",There exists a subset S of R that is non-empty
"âˆƒ S âŠ† T, S â‰  âˆ…",There exists a subset S of T that is non-empty
R âŠ† Y,Set R is a subset of set Y
Disjoint Q S â†’ Q âˆ© S = âˆ…,"If Q and S are disjoint, then Q âˆ© S = âˆ…"
"âˆƒ S âŠ† C, S â‰  âˆ…",There exists a subset S of C that is non-empty
V âŠ† Q,V is contained in Q
Z \ W,The set difference Z minus W
"âˆ€ S, S âŠ† U â†’ S âˆˆ ğ’«(U)",Every subset of U is an element of the power set of U
(X âˆª T)á¶œ = Xá¶œ âˆ© Tá¶œ,The complement of the union of X and T equals the intersection of their complements
(P âˆ© W)á¶œ = Pá¶œ âˆª Wá¶œ,The complement of the intersection of P and W equals the union of their complements
P \ W,The set difference P minus W
"âˆƒ x âˆˆ P, Q x",There exists an element x in P such that property Q holds
V âˆª B,The union of sets V and B
f â»Â¹' U,The preimage of set U under function f
y âˆˆ R âˆ© Y â†” (y âˆˆ R âˆ§ y âˆˆ Y),y belongs to the intersection of R and Y if and only if y is in both R and Y
"âˆ€ x, x âˆ‰ âˆ…",The empty set has no elements
m âˆˆ U âˆª Z â†” (m âˆˆ U âˆ¨ m âˆˆ Z),m is in U union Z if and only if m is in U or m is in Z
f : P â†’ U,f maps P into U
k âˆˆ C,The element k belongs to set C
âˆ… âŠ† R,The empty set is a subset of every set R
f : X â†’ T,f maps X into T
"âˆƒ! x âˆˆ B, P x",There exists a unique element x in B satisfying P
{x : â„ | 0 < x âˆ§ x < 1},The set of all real numbers between 0 and 1
{x | P x},The set of all elements x such that property P holds
W âŠ‡ B,Set W is a superset of set B
n âˆˆ C âˆ© P â†” (n âˆˆ C âˆ§ n âˆˆ P),n belongs to the intersection of C and P if and only if n is in both C and P
C âˆª Q,The union of sets C and Q
f '' S,The image of set S under function f
"âˆ€ S âŠ† U, Finite S","For all subsets S of U, S is finite"
Y âˆ© (Y âˆª W) = Y,Ybsorption law for intersection: Y âˆ© (Y âˆª W) = Y
T âˆ© A,The intersection of sets T and A
{n : â„¤ | n < 10},The set of all integers less than 10
C âŠ† Q âˆ§ Infinite C â†’ Infinite Q,"If C âŠ† Q and C is infinite, then Q is infinite"
Y âˆ© (B âˆª Z) = (Y âˆ© B) âˆª (Y âˆ© Z),Intersection distributes over union: Y âˆ© (B âˆª Z) = (Y âˆ© B) âˆª (Y âˆ© Z)
a âˆˆ C âˆ© R â†” (a âˆˆ C âˆ§ a âˆˆ R),a belongs to the intersection of C and R if and only if a is in both C and R
Vijective (f : R â†’ V),f is bijective from R to V
"âˆ€ x âˆˆ A, P x â†’ Q x","For every element x in A, if P(x) then Q(x)"
c âˆˆ U âˆ© T â†” (c âˆˆ U âˆ§ c âˆˆ T),c belongs to the intersection of U and T if and only if c is in both U and T
U âˆª (U âˆ© X) = (U âˆª U) âˆ© (U âˆª X),Union distributes over intersection: U âˆª (U âˆ© X) = (U âˆª U) âˆ© (U âˆª X)
Q âˆª (P âˆ© S) = (Q âˆª P) âˆ© (Q âˆª S),Union distributes over intersection: Q âˆª (P âˆ© S) = (Q âˆª P) âˆ© (Q âˆª S)
V âŠ† A,V is included in A
u âˆˆ W \ X,u is in W but not in X
"âˆ€ x âˆˆ C, P x","For all x in C, property P holds"
"C = Y â†” âˆ€ x, x âˆˆ C â†” x âˆˆ Y",Sets C and Y are equal if they have the same elements
s âˆˆ Zá¶œ â†” s âˆ‰ Z,s is in the complement of Z if and only if s is not in Z
Y âŠ† Z âˆ§ Z âŠ† Y â†’ Y = Z,"If Y is a subset of Z and Z is a subset of Y, then Y equals Z"
Surjective (f : Q â†’ R),f is surjective from Q to R
s âˆˆ B \ R,s is in B but not in R
x âˆ‰ U,x is not a member of set U
s âˆˆ X,The element s belongs to set X
{x : â„ | x > 0},The set of all positive real numbers
c âˆˆ Y,The element c belongs to set Y
Q âˆ© W,The intersection of sets Q and W
b âˆˆ W \ C,b is in W but not in C
T âŠ‡ Q,Set T is a superset of set Q
Y âŠ† univ,Every set Y is a subset of the universal set
"âˆ€ x, x âˆ‰ âˆ…",The empty set has no elements
"âˆ€ x âˆˆ U, P x","For all x in U, property P holds"
(Pá¶œ)á¶œ = P,Double complement of P is P
Z âˆª (B âˆ© S) = (Z âˆª B) âˆ© (Z âˆª S),Union distributes over intersection: Z âˆª (B âˆ© S) = (Z âˆª B) âˆ© (Z âˆª S)
S âŠ† Y âˆ§ Y âŠ† S â†’ S âŠ† S,"If S âŠ† Y and Y âŠ† S, then S âŠ† S"
Finite A âˆ§ Finite W â†’ Finite (A âˆª W),"If A is finite and W is finite, then A âˆª W is finite"
A âŠ‡ V,Set A is a superset of set V
S âŠ† Z,S is contained in Z
"âˆ€ x, x âˆˆ univ",The universal set contains all elements
T âŠ‡ Y,Set T is a superset of set Y
S âŠ‡ B,Set S is a superset of set B
S = R â†” (S âŠ† R âˆ§ R âŠ† S),Two sets are equal if and only if they are subsets of each other
z âˆˆ T âˆª Q â†” (z âˆˆ T âˆ¨ z âˆˆ Q),z is in T union Q if and only if z is in T or z is in Q
"Injective f â†’ âˆ€ x y âˆˆ Z, f x = f y â†’ x = y","If f is injective, then for all x, y in Z, f(x) = f(y) implies x = y"
s âˆˆ W,The element s belongs to set W
s âˆ‰ T,s is not a member of set T
(Y âˆª Q)á¶œ = Yá¶œ âˆ© Qá¶œ,The complement of the union of Y and Q equals the intersection of their complements
"âˆ€ S âŠ† R, Finite S","For all subsets S of R, S is finite"
Pá¶œ,The complement of set P
U âˆ© B,The intersection of sets U and B
T âˆª (T âˆ© R) = T,Tbsorption law for union: T âˆª (T âˆ© R) = T
U âˆ© (A âˆª A) = (U âˆ© A) âˆª (U âˆ© A),Intersection distributes over union: U âˆ© (A âˆª A) = (U âˆ© A) âˆª (U âˆ© A)
T Ã— C,The Cartesian product of T and C
(A âˆª W)á¶œ = Aá¶œ âˆ© Wá¶œ,The complement of the union of A and W equals the intersection of their complements
"âˆƒ x âˆˆ A, Q x",There exists an element x in A such that property Q holds
(Pá¶œ)á¶œ = P,Double complement of P is P
U âˆ© (U âˆª Q) = (U âˆ© U) âˆª (U âˆ© Q),Intersection distributes over union: U âˆ© (U âˆª Q) = (U âˆ© U) âˆª (U âˆ© Q)
V âŠ† Z âˆ§ Z âŠ† V â†’ V = Z,"If V is a subset of Z and Z is a subset of V, then V equals Z"
"âˆƒ S âŠ† V, S â‰  âˆ…",There exists a subset S of V that is non-empty
k âˆ‰ C,k is not a member of set C
"{n : â„• | âˆƒ k, n = 2 * k}",The set of all even natural numbers
W = A â†” (W âŠ† A âˆ§ A âŠ† W),Two sets are equal if and only if they are subsets of each other
z âˆˆ S âˆª B â†” (z âˆˆ S âˆ¨ z âˆˆ B),z is in S union B if and only if z is in S or z is in B
U âˆª R,The union of sets U and R
Z âŠ† W,Z is contained in W
{n : â„• | n > 5},The set of all natural numbers greater than 5
W âŠ† Y,W is contained in Y
"âˆ€ x, x âˆ‰ âˆ…",The empty set has no elements
{x : â„ | x > 0},The set of all positive real numbers
U âˆª Uá¶œ = univ,The union of U and its complement equals the universal set
X âŠ† univ,Every set X is a subset of the universal set
Z = R â†” (Z âŠ† R âˆ§ R âŠ† Z),Two sets are equal if and only if they are subsets of each other
z âˆˆ T âˆ© W â†” (z âˆˆ T âˆ§ z âˆˆ W),z belongs to the intersection of T and W if and only if z is in both T and W
"âˆ€ x, x âˆ‰ âˆ…",The empty set has no elements
Xijective (f : Y â†’ X),f is bijective from Y to X
S Ã— W,The Cartesian product of S and W
"âˆ€ x âˆˆ R, P x","For all x in R, property P holds"
w âˆˆ B âˆª Q â†” (w âˆˆ B âˆ¨ w âˆˆ Q),w is in B union Q if and only if w is in B or w is in Q
V âˆª P,The union of sets V and P
c âˆ‰ C,c is not a member of set C
k âˆˆ Vá¶œ â†” k âˆ‰ V,k is in the complement of V if and only if k is not in V
a âˆˆ Y âˆª Q â†” (a âˆˆ Y âˆ¨ a âˆˆ Q),a is in Y union Q if and only if a is in Y or a is in Q
Z âˆª U,The union of sets Z and U
S âŠ† X,Every element of S belongs to X
W âˆª Q,The union of sets W and Q
"R = C â†” âˆ€ x, x âˆˆ R â†” x âˆˆ C",Sets R and C are equal if they have the same elements
y âˆˆ P \ V,y is in P but not in V
X âˆˆ ğ’«(X),X is in its own power set
"{n : â„¤ | âˆƒ k, n = 2 * k + 1}",The set of all odd integers
S \ U,The set difference S minus U
R âŠ† W,Every element of R belongs to W
x âˆˆ V âˆª Q â†” (x âˆˆ V âˆ¨ x âˆˆ Q),x is in V union Q if and only if x is in V or x is in Q
T âŠ‡ S,Set T is a superset of set S
Z âˆª (A âˆ© V) = (Z âˆª A) âˆ© (Z âˆª V),Union distributes over intersection: Z âˆª (A âˆ© V) = (Z âˆª A) âˆ© (Z âˆª V)
Tijective (f : X â†’ T),f is bijective from X to T
f â»Â¹' V,The preimage of set V under function f
T âŠ† Z âˆ§ Infinite T â†’ Infinite Z,"If T âŠ† Z and T is infinite, then Z is infinite"
U âŠ† V â†’ Vá¶œ âŠ† Uá¶œ,"If U âŠ† V, then Vá¶œ âŠ† Uá¶œ"
(R âˆ© Y)á¶œ = Rá¶œ âˆª Yá¶œ,The complement of the intersection of R and Y equals the union of their complements
T âˆª (V âˆ© Q) = (T âˆª V) âˆ© (T âˆª Q),Union distributes over intersection: T âˆª (V âˆ© Q) = (T âˆª V) âˆ© (T âˆª Q)
s âˆˆ Z âˆª W â†” (s âˆˆ Z âˆ¨ s âˆˆ W),s is in Z union W if and only if s is in Z or s is in W
x âˆˆ B,The element x belongs to set B
V âŠ† X,V is contained in X
"C Ã— R = {(a, b) | a âˆˆ C âˆ§ b âˆˆ R}","The Cartesian product C Ã— R is the set of all ordered pairs (a, b) where a âˆˆ C and b âˆˆ R"
n âˆˆ R âˆª A â†” (n âˆˆ R âˆ¨ n âˆˆ A),n is in R union A if and only if n is in R or n is in A
P âˆ© W,The intersection of sets P and W
P Ã— P,The Cartesian product of P and P
S âˆª A,The union of sets S and A
f : V â†’ C,f maps V into C
Bá¶œ,The complement of set B
Y = Y â†” (Y âŠ† Y âˆ§ Y âŠ† Y),Two sets are equal if and only if they are subsets of each other
Z âˆª A,The union of sets Z and A
c âˆˆ Bá¶œ â†” c âˆ‰ B,c is in the complement of B if and only if c is not in B
u âˆˆ B,The element u belongs to set B
m âˆ‰ Q,m is not a member of set Q
"{n : â„¤ | âˆƒ k, n = 2 * k + 1}",The set of all odd integers
k âˆˆ X,The element k belongs to set X
C âŠ† Q,C is contained in Q
"âˆ€ x, x âˆ‰ âˆ…",The empty set has no elements
"âˆ€ S âŠ† U, Finite S","For all subsets S of U, S is finite"
Disjoint W Y â†’ W âˆ© Y = âˆ…,"If W and Y are disjoint, then W âˆ© Y = âˆ…"
x âˆˆ V âˆ© B â†” (x âˆˆ V âˆ§ x âˆˆ B),x belongs to the intersection of V and B if and only if x is in both V and B
x âˆˆ Sá¶œ â†” x âˆ‰ S,x is in the complement of S if and only if x is not in S
Yijective (f : R â†’ Y),f is bijective from R to Y
B âˆª S,The union of sets B and S
(C âˆª Y)á¶œ = Cá¶œ âˆ© Yá¶œ,The complement of the union of C and Y equals the intersection of their complements
{x : â„ | 0 < x âˆ§ x < 1},The set of all real numbers between 0 and 1
"âˆƒ x âˆˆ S, Q x",There exists an element x in S such that property Q holds
(W âˆª R)á¶œ = Wá¶œ âˆ© Rá¶œ,The complement of the union of W and R equals the intersection of their complements
{n : â„• | n > 5},The set of all natural numbers greater than 5
"{n : â„• | âˆƒ k, n = 2 * k}",The set of all even natural numbers
A âŠ‡ P,Set A is a superset of set P
"{n : â„¤ | âˆƒ k, n = 2 * k + 1}",The set of all odd integers
U âˆª (U âˆ© Q) = U,Ubsorption law for union: U âˆª (U âˆ© Q) = U
v âˆˆ V,The element v belongs to set V
A âˆª X,The union of sets A and X
T âŠ† X,T is contained in X
w âˆˆ U,The element w belongs to set U
W âŠ† S â†’ Sá¶œ âŠ† Wá¶œ,"If W âŠ† S, then Sá¶œ âŠ† Wá¶œ"
z âˆˆ V âˆ© R â†” (z âˆˆ V âˆ§ z âˆˆ R),z belongs to the intersection of V and R if and only if z is in both V and R
T âˆ© Z,The intersection of sets T and Z
a âˆˆ P âˆ© C â†” (a âˆˆ P âˆ§ a âˆˆ C),a belongs to the intersection of P and C if and only if a is in both P and C
Z âˆ© U,The intersection of sets Z and U
S âˆ© A âŠ† S,The intersection of S and A is a subset of S
B âˆª A,The union of sets B and A
V âŠ† A âˆ§ A âŠ† B â†’ V âŠ† B,"If V âŠ† A and A âŠ† B, then V âŠ† B"
"âˆ€ x, x âˆ‰ âˆ…",No element belongs to the empty set
"âˆ€ S, S âŠ† A â†’ S âˆˆ ğ’«(A)",Every subset of A is an element of the power set of A
u âˆˆ V âˆª T â†” (u âˆˆ V âˆ¨ u âˆˆ T),u is in V union T if and only if u is in V or u is in T
v âˆ‰ B,v is not a member of set B
y âˆˆ U âˆª S â†” (y âˆˆ U âˆ¨ y âˆˆ S),y is in U union S if and only if y is in U or y is in S
t âˆ‰ W,t is not a member of set W
"âˆ€ x, x âˆˆ univ",Every element belongs to the universal set
f â»Â¹' B,The preimage of set B under function f
v âˆ‰ Y,v is not a member of set Y
k âˆ‰ W,k is not a member of set W
P âŠ† Z âˆ§ Z âŠ† P â†’ P = Z,"If P is a subset of Z and Z is a subset of P, then P equals Z"
"âˆ€ x, x âˆˆ univ",The universal set contains all elements
R âˆ© (R âˆª R) = R,Rbsorption law for intersection: R âˆ© (R âˆª R) = R
Injective (f : X â†’ P),f is injective on X
"âˆ€ S, S âŠ† X â†’ S âˆˆ ğ’«(X)",Every subset of X is an element of the power set of X
R âˆ© (A âˆª A) = (R âˆ© A) âˆª (R âˆ© A),Intersection distributes over union: R âˆ© (A âˆª A) = (R âˆ© A) âˆª (R âˆ© A)
n âˆˆ V \ U,n is in V but not in U
w âˆˆ V,The element w belongs to set V
S âŠ† P âˆ§ P âŠ† S â†’ S = P,"If S is a subset of P and P is a subset of S, then S equals P"
C âˆ© V,The intersection of sets C and V
t âˆˆ Wá¶œ â†” t âˆ‰ W,t is in the complement of W if and only if t is not in W
Y Ã— B,The Cartesian product of Y and B
Disjoint V Vá¶œ,V and its complement are disjoint
A âˆˆ ğ’«(A),A is in its own power set
R âˆª Y,The union of sets R and Y
P âŠ† S,Set P is a subset of set S
f : A â†’ W,f maps A into W
âˆ… âˆˆ ğ’«(U),The empty set is in the power set of U
Injective (f : Y â†’ V),f is injective on Y
Z âŠ† V,Every element of Z belongs to V
y âˆˆ P âˆª T â†” (y âˆˆ P âˆ¨ y âˆˆ T),y is in P union T if and only if y is in P or y is in T
"âˆ€ x âˆˆ W, P x","For all x in W, property P holds"
âˆ… âŠ† A,The empty set is a subset of every set A
f : Z â†’ Q,f maps Z into Q
f : Z â†’ T,f maps Z into T
P âˆ© (B âˆª P) = (P âˆ© B) âˆª (P âˆ© P),Intersection distributes over union: P âˆ© (B âˆª P) = (P âˆ© B) âˆª (P âˆ© P)
Q âˆ© (Q âˆª B) = Q,Qbsorption law for intersection: Q âˆ© (Q âˆª B) = Q
m âˆˆ W âˆª X â†” (m âˆˆ W âˆ¨ m âˆˆ X),m is in W union X if and only if m is in W or m is in X
Z âŠ† V âˆ§ V âŠ† X â†’ Z âŠ† X,"If Z âŠ† V and V âŠ† X, then Z âŠ† X"
W âˆª (Y âˆ© T) = (W âˆª Y) âˆ© (W âˆª T),Union distributes over intersection: W âˆª (Y âˆ© T) = (W âˆª Y) âˆ© (W âˆª T)
Z âˆª W,The union of sets Z and W
{x âˆˆ A | Q x},The set of all elements in A satisfying property Q
U âˆª T,The union of sets U and T
U âˆ© P,The intersection of sets U and P
(W âˆª C)á¶œ = Wá¶œ âˆ© Cá¶œ,The complement of the union of W and C equals the intersection of their complements
U \ R,The set difference U minus R
m âˆˆ Z,The element m belongs to set Z
U âŠ† R,Set U is a subset of set R
Z âˆ© R,The intersection of sets Z and R
Z âˆª (Z âˆ© X) = Z,Zbsorption law for union: Z âˆª (Z âˆ© X) = Z
n âˆˆ C âˆ© Y â†” (n âˆˆ C âˆ§ n âˆˆ Y),n belongs to the intersection of C and Y if and only if n is in both C and Y
y âˆˆ Aá¶œ â†” y âˆ‰ A,y is in the complement of A if and only if y is not in A
s âˆ‰ S,s is not a member of set S
Y âˆª (Q âˆ© A) = (Y âˆª Q) âˆ© (Y âˆª A),Union distributes over intersection: Y âˆª (Q âˆ© A) = (Y âˆª Q) âˆ© (Y âˆª A)
Finite S âˆ§ Finite T â†’ Finite (S âˆª T),"If S is finite and T is finite, then S âˆª T is finite"
Z âˆ© Y,The intersection of sets Z and Y
u âˆˆ V \ T,u is in V but not in T
f '' Y,The image of set Y under function f
P âˆª U,The union of sets P and U
Z âˆˆ ğ’«(Z),Z is in its own power set
f : V â†’ Q,f maps V into Q
"âˆƒ x âˆˆ Z, Q x",There exists an element x in Z such that property Q holds
S âˆª P,The union of sets S and P
Sá¶œ,The complement of set S
Z âˆª (Z âˆ© B) = Z,Zbsorption law for union: Z âˆª (Z âˆ© B) = Z
"X Ã— T = {(a, b) | a âˆˆ X âˆ§ b âˆˆ T}","The Cartesian product X Ã— T is the set of all ordered pairs (a, b) where a âˆˆ X and b âˆˆ T"
a âˆˆ V âˆ© T â†” (a âˆˆ V âˆ§ a âˆˆ T),a belongs to the intersection of V and T if and only if a is in both V and T
"âˆƒ x âˆˆ Y, Q x",There exists an element x in Y such that property Q holds
Z âˆ© (R âˆª Y) = (Z âˆ© R) âˆª (Z âˆ© Y),Intersection distributes over union: Z âˆ© (R âˆª Y) = (Z âˆ© R) âˆª (Z âˆ© Y)
{x âˆˆ X | Q x},The set of all elements in X satisfying property Q
"T = Z â†” âˆ€ x, x âˆˆ T â†” x âˆˆ Z",Sets T and Z are equal if they have the same elements
S âˆª (S âˆ© Z) = S,Sbsorption law for union: S âˆª (S âˆ© Z) = S
v âˆˆ W âˆ© U â†” (v âˆˆ W âˆ§ v âˆˆ U),v belongs to the intersection of W and U if and only if v is in both W and U
"âˆ€ x âˆˆ T, P x â†’ Q x","For every element x in T, if P(x) then Q(x)"
"âˆ€ x âˆˆ T, P x â†’ Q x","For every element x in T, if P(x) then Q(x)"
u âˆˆ W âˆª T â†” (u âˆˆ W âˆ¨ u âˆˆ T),u is in W union T if and only if u is in W or u is in T
{x | P x},The set of all elements x such that property P holds
a âˆˆ T,The element a belongs to set T
"A Ã— V = {(a, b) | a âˆˆ A âˆ§ b âˆˆ V}","The Cartesian product A Ã— V is the set of all ordered pairs (a, b) where a âˆˆ A and b âˆˆ V"
k âˆˆ Z,The element k belongs to set Z
U âˆª Q,The union of sets U and Q
y âˆ‰ X,y is not a member of set X
{n : â„¤ | n < 10},The set of all integers less than 10
S \ R,The set difference S minus R
Tijective (f : Y â†’ T),f is bijective from Y to T
Tijective (f : S â†’ T),f is bijective from S to T
c âˆˆ P âˆª R â†” (c âˆˆ P âˆ¨ c âˆˆ R),c is in P union R if and only if c is in P or c is in R
T âˆˆ ğ’«(T),T is in its own power set
V \ T,The set difference V minus T
c âˆ‰ W,c is not a member of set W
A âŠ‡ R,Set A is a superset of set R
A = W â†” (A âŠ† W âˆ§ W âŠ† A),Two sets are equal if and only if they are subsets of each other
W \ Y,The set difference W minus Y
b âˆˆ Q âˆª Y â†” (b âˆˆ Q âˆ¨ b âˆˆ Y),b is in Q union Y if and only if b is in Q or b is in Y
X âŠ† Y,X is contained in Y
{x : â„ | x > 0},The set of all positive real numbers
S âˆª R,The union of sets S and R
w âˆˆ W,The element w belongs to set W
m âˆˆ W \ S,m is in W but not in S
s âˆˆ R \ V,s is in R but not in V
b âˆˆ Z âˆ© X â†” (b âˆˆ Z âˆ§ b âˆˆ X),b belongs to the intersection of Z and X if and only if b is in both Z and X
Y âˆª (Y âˆ© V) = Y,Ybsorption law for union: Y âˆª (Y âˆ© V) = Y
c âˆ‰ R,c is not a member of set R
A âŠ‡ V,Set A is a superset of set V
"U = W â†” âˆ€ x, x âˆˆ U â†” x âˆˆ W",Sets U and W are equal if they have the same elements
âˆ… âŠ† X,The empty set is a subset of every set X
W âˆ© C,The intersection of sets W and C
k âˆˆ C âˆ© P â†” (k âˆˆ C âˆ§ k âˆˆ P),k belongs to the intersection of C and P if and only if k is in both C and P
n âˆˆ V âˆª R â†” (n âˆˆ V âˆ¨ n âˆˆ R),n is in V union R if and only if n is in V or n is in R
Finite R âˆ§ Finite Z â†’ Finite (R âˆª Z),"If R is finite and Z is finite, then R âˆª Z is finite"
X \ Q,The set difference X minus Q
A âŠ† A âˆ§ A âŠ† A â†’ A = A,"If A is a subset of A and A is a subset of A, then A equals A"
B \ C,The set difference B minus C
"C Ã— R = {(a, b) | a âˆˆ C âˆ§ b âˆˆ R}","The Cartesian product C Ã— R is the set of all ordered pairs (a, b) where a âˆˆ C and b âˆˆ R"
C âŠ‡ T,Set C is a superset of set T
Surjective (f : R â†’ U),f is surjective from R to U
"âˆ€ S âŠ† Y, Finite S","For all subsets S of Y, S is finite"
X âŠ† R â†’ Rá¶œ âŠ† Xá¶œ,"If X âŠ† R, then Rá¶œ âŠ† Xá¶œ"
s âˆˆ V âˆª A â†” (s âˆˆ V âˆ¨ s âˆˆ A),s is in V union A if and only if s is in V or s is in A
z âˆˆ S âˆª A â†” (z âˆˆ S âˆ¨ z âˆˆ A),z is in S union A if and only if z is in S or z is in A
"P Ã— B = {(a, b) | a âˆˆ P âˆ§ b âˆˆ B}","The Cartesian product P Ã— B is the set of all ordered pairs (a, b) where a âˆˆ P and b âˆˆ B"
Disjoint Z Zá¶œ,Z and its complement are disjoint
"C Ã— Z = {(a, b) | a âˆˆ C âˆ§ b âˆˆ Z}","The Cartesian product C Ã— Z is the set of all ordered pairs (a, b) where a âˆˆ C and b âˆˆ Z"
B \ V,The set difference B minus V
W âˆª R,The union of sets W and R
"âˆ€ x âˆˆ Z, P x â†’ Q x","For every element x in Z, if P(x) then Q(x)"
"âˆƒ x âˆˆ T, Q x",There exists an element x in T such that property Q holds
z âˆˆ W,The element z belongs to set W
S âˆ© (P âˆª U) = (S âˆ© P) âˆª (S âˆ© U),Intersection distributes over union: S âˆ© (P âˆª U) = (S âˆ© P) âˆª (S âˆ© U)
"âˆ€ x, x âˆˆ univ",The universal set contains all elements
c âˆ‰ B,c is not a member of set B
"âˆ€ x, x âˆ‰ âˆ…",No element belongs to the empty set
"T Ã— Q = {(a, b) | a âˆˆ T âˆ§ b âˆˆ Q}","The Cartesian product T Ã— Q is the set of all ordered pairs (a, b) where a âˆˆ T and b âˆˆ Q"
y âˆ‰ Z,y is not a member of set Z
t âˆˆ Y âˆª C â†” (t âˆˆ Y âˆ¨ t âˆˆ C),t is in Y union C if and only if t is in Y or t is in C
w âˆˆ X \ T,w is in X but not in T
f : W â†’ S,f maps W into S
(T âˆ© R)á¶œ = Tá¶œ âˆª Rá¶œ,The complement of the intersection of T and R equals the union of their complements
"âˆ€ x, x âˆ‰ âˆ…",The empty set has no elements
V \ Z,The set difference V minus Z
C âŠ‡ T,Set C is a superset of set T
"âˆƒ x âˆˆ C, Q x",There exists an element x in C such that property Q holds
(Zá¶œ)á¶œ = Z,Double complement of Z is Z
X = A â†” (X âŠ† A âˆ§ A âŠ† X),Two sets are equal if and only if they are subsets of each other
t âˆˆ Pá¶œ â†” t âˆ‰ P,t is in the complement of P if and only if t is not in P
U Ã— B,The Cartesian product of U and B
A = T â†” (A âŠ† T âˆ§ T âŠ† A),Two sets are equal if and only if they are subsets of each other
V âˆ© (W âˆª V) = (V âˆ© W) âˆª (V âˆ© V),Intersection distributes over union: V âˆ© (W âˆª V) = (V âˆ© W) âˆª (V âˆ© V)
V âŠ‡ Z,Set V is a superset of set Z
v âˆˆ T \ W,v is in T but not in W
"X Ã— Q = {(a, b) | a âˆˆ X âˆ§ b âˆˆ Q}","The Cartesian product X Ã— Q is the set of all ordered pairs (a, b) where a âˆˆ X and b âˆˆ Q"
v âˆˆ S âˆ© A â†” (v âˆˆ S âˆ§ v âˆˆ A),v belongs to the intersection of S and A if and only if v is in both S and A
w âˆ‰ X,w is not a member of set X
"C Ã— C = {(a, b) | a âˆˆ C âˆ§ b âˆˆ C}","The Cartesian product C Ã— C is the set of all ordered pairs (a, b) where a âˆˆ C and b âˆˆ C"
w âˆˆ U âˆª T â†” (w âˆˆ U âˆ¨ w âˆˆ T),w is in U union T if and only if w is in U or w is in T
Q âŠ† X âˆ§ X âŠ† Q â†’ Q = X,"If Q is a subset of X and X is a subset of Q, then Q equals X"
Cá¶œ,The complement of set C
z âˆˆ Vá¶œ â†” z âˆ‰ V,z is in the complement of V if and only if z is not in V
âˆ… âŠ† Z,The empty set is a subset of every set Z
{n : â„¤ | n < 10},The set of all integers less than 10
Zá¶œ,The complement of set Z
"âˆ€ x, x âˆˆ univ",Every element belongs to the universal set
n âˆˆ V âˆª Q â†” (n âˆˆ V âˆ¨ n âˆˆ Q),n is in V union Q if and only if n is in V or n is in Q
X âŠ‡ C,Set X is a superset of set C
R âŠ† R âˆª V,R is a subset of the union of R and V
"âˆƒ S âŠ† T, S â‰  âˆ…",There exists a subset S of T that is non-empty
âˆ… âˆˆ ğ’«(C),The empty set is in the power set of C
m âˆˆ X âˆ© R â†” (m âˆˆ X âˆ§ m âˆˆ R),m belongs to the intersection of X and R if and only if m is in both X and R
y âˆˆ Z âˆ© B â†” (y âˆˆ Z âˆ§ y âˆˆ B),y belongs to the intersection of Z and B if and only if y is in both Z and B
X âˆ© (X âˆª R) = X,Xbsorption law for intersection: X âˆ© (X âˆª R) = X
"Injective f â†’ âˆ€ x y âˆˆ T, f x = f y â†’ x = y","If f is injective, then for all x, y in T, f(x) = f(y) implies x = y"
S âŠ† V,Every element of S belongs to V
R = U â†” (R âŠ† U âˆ§ U âŠ† R),Two sets are equal if and only if they are subsets of each other
(Y âˆ© A)á¶œ = Yá¶œ âˆª Aá¶œ,The complement of the intersection of Y and A equals the union of their complements
Xá¶œ,The complement of set X
(S âˆ© W)á¶œ = Sá¶œ âˆª Wá¶œ,The complement of the intersection of S and W equals the union of their complements
b âˆ‰ P,b is not a member of set P
v âˆˆ C âˆª Z â†” (v âˆˆ C âˆ¨ v âˆˆ Z),v is in C union Z if and only if v is in C or v is in Z
ğ’«(A) = {S | S âŠ† A},The power set of A is the set of all subsets of A
"âˆƒ! x âˆˆ A, P x",There exists a unique element x in A satisfying P
v âˆˆ S,The element v belongs to set S
âˆ… âŠ† V,The empty set is a subset of every set V
"âˆ€ x âˆˆ C, P x","For all x in C, property P holds"
{x : â„ | 0 < x âˆ§ x < 1},The set of all real numbers between 0 and 1
"âˆƒ x âˆˆ U, Q x",There exists an element x in U such that property Q holds
v âˆˆ Qá¶œ â†” v âˆ‰ Q,v is in the complement of Q if and only if v is not in Q
(Tá¶œ)á¶œ = T,Double complement of T is T
t âˆˆ U,The element t belongs to set U
w âˆ‰ X,w is not a member of set X
v âˆˆ B,The element v belongs to set B
X âˆª (P âˆ© P) = (X âˆª P) âˆ© (X âˆª P),Union distributes over intersection: X âˆª (P âˆ© P) = (X âˆª P) âˆ© (X âˆª P)
Zá¶œ,The complement of set Z
t âˆˆ S,The element t belongs to set S
"{n : â„¤ | âˆƒ k, n = 2 * k + 1}",The set of all odd integers
"âˆ€ x, x âˆ‰ âˆ…",The empty set has no elements
Y âˆ© R,The intersection of sets Y and R
x âˆ‰ T,x is not a member of set T
X âŠ‡ W,Set X is a superset of set W
P \ V,The set difference P minus V
"âˆ€ x, x âˆˆ univ",The universal set contains all elements
a âˆˆ U âˆ© W â†” (a âˆˆ U âˆ§ a âˆˆ W),a belongs to the intersection of U and W if and only if a is in both U and W
P âˆˆ ğ’«(P),P is in its own power set
R âˆ© R âŠ† R,The intersection of R and R is a subset of R
W âŠ† Z,Every element of W belongs to Z
"âˆƒ x âˆˆ V, Q x",There exists an element x in V such that property Q holds
m âˆˆ Y âˆª C â†” (m âˆˆ Y âˆ¨ m âˆˆ C),m is in Y union C if and only if m is in Y or m is in C
R âˆ© P âŠ† R,The intersection of R and P is a subset of R
S âˆª (S âˆ© S) = S,Sbsorption law for union: S âˆª (S âˆ© S) = S
"âˆ€ x, x âˆˆ univ",The universal set contains all elements
b âˆˆ C \ P,b is in C but not in P
"âˆ€ x âˆˆ S, P x","For all x in S, property P holds"
P âŠ‡ X,Set P is a superset of set X
c âˆˆ P âˆ© T â†” (c âˆˆ P âˆ§ c âˆˆ T),c belongs to the intersection of P and T if and only if c is in both P and T
Z âˆª T,The union of sets Z and T
"Injective f â†’ âˆ€ x y âˆˆ X, f x = f y â†’ x = y","If f is injective, then for all x, y in X, f(x) = f(y) implies x = y"
(A âˆª Q)á¶œ = Aá¶œ âˆ© Qá¶œ,The complement of the union of A and Q equals the intersection of their complements
{x : â„ | 0 < x âˆ§ x < 1},The set of all real numbers between 0 and 1
t âˆˆ B âˆª X â†” (t âˆˆ B âˆ¨ t âˆˆ X),t is in B union X if and only if t is in B or t is in X
Q âŠ‡ A,Set Q is a superset of set A
Z âŠ‡ X,Set Z is a superset of set X
y âˆˆ P âˆª U â†” (y âˆˆ P âˆ¨ y âˆˆ U),y is in P union U if and only if y is in P or y is in U
Z âŠ† T,Z is included in T
"âˆ€ x, x âˆ‰ âˆ…",No element belongs to the empty set
{x : â„ | x > 0},The set of all positive real numbers
V \ Z,The set difference V minus Z
m âˆˆ C \ Y,m is in C but not in Y
Disjoint Q Y â†’ Q âˆ© Y = âˆ…,"If Q and Y are disjoint, then Q âˆ© Y = âˆ…"
(A âˆ© T)á¶œ = Aá¶œ âˆª Tá¶œ,The complement of the intersection of A and T equals the union of their complements
(S âˆ© C)á¶œ = Sá¶œ âˆª Cá¶œ,The complement of the intersection of S and C equals the union of their complements
s âˆˆ T âˆª X â†” (s âˆˆ T âˆ¨ s âˆˆ X),s is in T union X if and only if s is in T or s is in X
Yá¶œ,The complement of set Y
P âˆ© P âŠ† P,The intersection of P and P is a subset of P
k âˆˆ C \ Z,k is in C but not in Z
b âˆˆ V \ R,b is in V but not in R
t âˆˆ S âˆ© A â†” (t âˆˆ S âˆ§ t âˆˆ A),t belongs to the intersection of S and A if and only if t is in both S and A
U âŠ‡ R,Set U is a superset of set R
W âŠ‡ A,Set W is a superset of set A
"âˆƒ x âˆˆ Y, Q x",There exists an element x in Y such that property Q holds
"âˆ€ x âˆˆ V, P x â†’ Q x","For every element x in V, if P(x) then Q(x)"
"âˆƒ S âŠ† P, S â‰  âˆ…",There exists a subset S of P that is non-empty
A âŠ† Y,A is contained in Y
T = C â†” (T âŠ† C âˆ§ C âŠ† T),Two sets are equal if and only if they are subsets of each other
f : U â†’ W,f maps U into W
n âˆ‰ R,n is not a member of set R
Y âˆª (Y âˆ© U) = Y,Ybsorption law for union: Y âˆª (Y âˆ© U) = Y
âˆ… âˆˆ ğ’«(U),The empty set is in the power set of U
a âˆˆ Rá¶œ â†” a âˆ‰ R,a is in the complement of R if and only if a is not in R
"âˆƒ! x âˆˆ P, P x",There exists a unique element x in P satisfying P
C âˆ© X,The intersection of sets C and X
C âˆª S,The union of sets C and S
b âˆˆ P \ X,b is in P but not in X
"âˆ€ x âˆˆ W, P x â†’ Q x","For every element x in W, if P(x) then Q(x)"
(X âˆ© Z)á¶œ = Xá¶œ âˆª Zá¶œ,The complement of the intersection of X and Z equals the union of their complements
{x | P x},The set of all elements x such that property P holds
X âŠ† V,Set X is a subset of set V
"{n : â„¤ | âˆƒ k, n = 2 * k + 1}",The set of all odd integers
{x : â„ | 0 < x âˆ§ x < 1},The set of all real numbers between 0 and 1
"âˆ€ x, x âˆ‰ âˆ…",No element belongs to the empty set
Y âˆ© V,The intersection of sets Y and V
U âˆª (U âˆ© U) = U,Ubsorption law for union: U âˆª (U âˆ© U) = U
Disjoint U P â†’ U âˆ© P = âˆ…,"If U and P are disjoint, then U âˆ© P = âˆ…"
Yá¶œ,The complement of set Y
R âˆ© (Q âˆª S) = (R âˆ© Q) âˆª (R âˆ© S),Intersection distributes over union: R âˆ© (Q âˆª S) = (R âˆ© Q) âˆª (R âˆ© S)
(R âˆª R)á¶œ = Rá¶œ âˆ© Rá¶œ,The complement of the union of R and R equals the intersection of their complements
b âˆ‰ C,b is not a member of set C
T Ã— P,The Cartesian product of T and P
f '' T âŠ† X,The image of T under f is a subset of X
"âˆƒ! x âˆˆ V, P x",There exists a unique element x in V satisfying P
"âˆ€ x, x âˆ‰ âˆ…",No element belongs to the empty set
T âŠ‡ P,Set T is a superset of set P
f : Y â†’ Z,f maps Y into Z
z âˆˆ S,The element z belongs to set S
Disjoint S Sá¶œ,S and its complement are disjoint
f '' S,The image of set S under function f
a âˆˆ R,The element a belongs to set R
ğ’«(C) = {S | S âŠ† C},The power set of C is the set of all subsets of C
y âˆˆ Q \ U,y is in Q but not in U
a âˆˆ Xá¶œ â†” a âˆ‰ X,a is in the complement of X if and only if a is not in X
W âŠ† R,Set W is a subset of set R
ğ’«(S) = {S | S âŠ† S},The power set of S is the set of all subsets of S
S \ Q,The set difference S minus Q
t âˆˆ Y \ B,t is in Y but not in B
P âŠ† C âˆ§ C âŠ† P â†’ P = C,"If P is a subset of C and C is a subset of P, then P equals C"
a âˆˆ Z âˆ© T â†” (a âˆˆ Z âˆ§ a âˆˆ T),a belongs to the intersection of Z and T if and only if a is in both Z and T
B âˆ© X,The intersection of sets B and X
W = R â†” (W âŠ† R âˆ§ R âŠ† W),Two sets are equal if and only if they are subsets of each other
"âˆƒ! x âˆˆ X, P x",There exists a unique element x in X satisfying P
ğ’«(Y) = {S | S âŠ† Y},The power set of Y is the set of all subsets of Y
Y \ U,The set difference Y minus U
"âˆ€ S, S âŠ† X â†’ S âˆˆ ğ’«(X)",Every subset of X is an element of the power set of X
C âŠ† Q â†’ Qá¶œ âŠ† Cá¶œ,"If C âŠ† Q, then Qá¶œ âŠ† Cá¶œ"
f '' R,The image of set R under function f
v âˆ‰ A,v is not a member of set A
C âŠ† V,C is included in V
A âˆ© Y,The intersection of sets A and Y
t âˆˆ X,The element t belongs to set X
T âˆ© (T âˆª U) = T,Tbsorption law for intersection: T âˆ© (T âˆª U) = T
"âˆ€ x, x âˆ‰ âˆ…",No element belongs to the empty set
"âˆ€ S, S âŠ† Q â†’ S âˆˆ ğ’«(Q)",Every subset of Q is an element of the power set of Q
U Ã— T,The Cartesian product of U and T
(Q âˆª Q)á¶œ = Qá¶œ âˆ© Qá¶œ,The complement of the union of Q and Q equals the intersection of their complements
P âŠ‡ R,Set P is a superset of set R
"âˆ€ x âˆˆ B, P x","For all x in B, property P holds"
{x âˆˆ C | Q x},The set of all elements in C satisfying property Q
Q Ã— W,The Cartesian product of Q and W
"âˆ€ x âˆˆ Q, P x â†’ Q x","For every element x in Q, if P(x) then Q(x)"
"âˆƒ x âˆˆ B, Q x",There exists an element x in B such that property Q holds
u âˆˆ Q \ Z,u is in Q but not in Z
Q âŠ† C â†’ Cá¶œ âŠ† Qá¶œ,"If Q âŠ† C, then Cá¶œ âŠ† Qá¶œ"
c âˆˆ S \ P,c is in S but not in P
{n : â„¤ | n < 10},The set of all integers less than 10
V âŠ† W âˆ§ W âŠ† T â†’ V âŠ† T,"If V âŠ† W and W âŠ† T, then V âŠ† T"
"âˆ€ S, S âŠ† B â†’ S âˆˆ ğ’«(B)",Every subset of B is an element of the power set of B
u âˆˆ S âˆ© Y â†” (u âˆˆ S âˆ§ u âˆˆ Y),u belongs to the intersection of S and Y if and only if u is in both S and Y
"Z = T â†” âˆ€ x, x âˆˆ Z â†” x âˆˆ T",Sets Z and T are equal if they have the same elements
P âˆª U,The union of sets P and U
X âˆª T,The union of sets X and T
âˆ… âŠ† Q,The empty set is a subset of every set Q
B âŠ‡ W,Set B is a superset of set W
u âˆˆ X \ V,u is in X but not in V
(Xá¶œ)á¶œ = X,Double complement of X is X
"âˆ€ x, x âˆˆ univ",The universal set contains all elements
Z âˆª T,The union of sets Z and T
Rijective (f : P â†’ R),f is bijective from P to R
n âˆˆ Xá¶œ â†” n âˆ‰ X,n is in the complement of X if and only if n is not in X
"Injective f â†’ âˆ€ x y âˆˆ W, f x = f y â†’ x = y","If f is injective, then for all x, y in W, f(x) = f(y) implies x = y"
Disjoint Q Qá¶œ,Q and its complement are disjoint
P âˆª T,The union of sets P and T
V âˆˆ ğ’«(V),V is in its own power set
P âŠ‡ Q,Set P is a superset of set Q
C âˆ© S,The intersection of sets C and S
Sá¶œ,The complement of set S
C âˆª Cá¶œ = univ,The union of C and its complement equals the universal set
Z âˆ© (Z âˆª Z) = Z,Zbsorption law for intersection: Z âˆ© (Z âˆª Z) = Z
âˆ… âˆˆ ğ’«(U),The empty set is in the power set of U
"âˆƒ! x âˆˆ R, P x",There exists a unique element x in R satisfying P
S âŠ† S âˆª U,S is a subset of the union of S and U
W âˆ© B,The intersection of sets W and B
B âˆª Y,The union of sets B and Y
R \ S,The set difference R minus S
n âˆˆ Z âˆ© V â†” (n âˆˆ Z âˆ§ n âˆˆ V),n belongs to the intersection of Z and V if and only if n is in both Z and V
ğ’«(P) = {S | S âŠ† P},The power set of P is the set of all subsets of P
Rá¶œ,The complement of set R
"âˆ€ x, x âˆ‰ âˆ…",No element belongs to the empty set
âˆ… âŠ† U,The empty set is a subset of every set U
"P Ã— S = {(a, b) | a âˆˆ P âˆ§ b âˆˆ S}","The Cartesian product P Ã— S is the set of all ordered pairs (a, b) where a âˆˆ P and b âˆˆ S"
m âˆˆ Q,The element m belongs to set Q
P âŠ† B,P is included in B
Finite W âˆ§ Finite Y â†’ Finite (W âˆª Y),"If W is finite and Y is finite, then W âˆª Y is finite"
U âˆ© (U âˆª W) = U,Ubsorption law for intersection: U âˆ© (U âˆª W) = U
"âˆ€ S âŠ† U, Finite S","For all subsets S of U, S is finite"
k âˆˆ S âˆª Q â†” (k âˆˆ S âˆ¨ k âˆˆ Q),k is in S union Q if and only if k is in S or k is in Q
m âˆˆ T âˆª R â†” (m âˆˆ T âˆ¨ m âˆˆ R),m is in T union R if and only if m is in T or m is in R
S Ã— Z,The Cartesian product of S and Z
{x : â„ | 0 < x âˆ§ x < 1},The set of all real numbers between 0 and 1
C = W â†” (C âŠ† W âˆ§ W âŠ† C),Two sets are equal if and only if they are subsets of each other
(Aá¶œ)á¶œ = A,Double complement of A is A
U âŠ† Y,Every element of U belongs to Y
A âŠ† W âˆ§ Infinite A â†’ Infinite W,"If A âŠ† W and A is infinite, then W is infinite"
U âŠ† T âˆ§ T âŠ† S â†’ U âŠ† S,"If U âŠ† T and T âŠ† S, then U âŠ† S"
{n : â„¤ | n < 10},The set of all integers less than 10
"âˆ€ x, x âˆ‰ âˆ…",The empty set has no elements
z âˆˆ Bá¶œ â†” z âˆ‰ B,z is in the complement of B if and only if z is not in B
"Injective f â†’ âˆ€ x y âˆˆ V, f x = f y â†’ x = y","If f is injective, then for all x, y in V, f(x) = f(y) implies x = y"
b âˆ‰ Z,b is not a member of set Z
"âˆƒ S âŠ† U, S â‰  âˆ…",There exists a subset S of U that is non-empty
"âˆ€ S, S âŠ† Z â†’ S âˆˆ ğ’«(Z)",Every subset of Z is an element of the power set of Z
"T = V â†” âˆ€ x, x âˆˆ T â†” x âˆˆ V",Sets T and V are equal if they have the same elements
S âŠ† T,Set S is a subset of set T
"âˆƒ S âŠ† U, S â‰  âˆ…",There exists a subset S of U that is non-empty
T âˆª (U âˆ© A) = (T âˆª U) âˆ© (T âˆª A),Union distributes over intersection: T âˆª (U âˆ© A) = (T âˆª U) âˆ© (T âˆª A)
R âŠ† W âˆ§ W âŠ† Y â†’ R âŠ† Y,"If R âŠ† W and W âŠ† Y, then R âŠ† Y"
z âˆ‰ B,z is not a member of set B
V âŠ‡ C,Set V is a superset of set C
S âŠ† U â†’ Uá¶œ âŠ† Sá¶œ,"If S âŠ† U, then Uá¶œ âŠ† Sá¶œ"
f : C â†’ P,f maps C into P
V âˆª (W âˆ© Q) = (V âˆª W) âˆ© (V âˆª Q),Union distributes over intersection: V âˆª (W âˆ© Q) = (V âˆª W) âˆ© (V âˆª Q)
"âˆ€ x, x âˆˆ univ",The universal set contains all elements
R âŠ† C,R is included in C
C âˆ© W,The intersection of sets C and W
W âˆ© (W âˆª Z) = W,Wbsorption law for intersection: W âˆ© (W âˆª Z) = W
t âˆˆ P âˆ© Q â†” (t âˆˆ P âˆ§ t âˆˆ Q),t belongs to the intersection of P and Q if and only if t is in both P and Q
W âŠ† U,Set W is a subset of set U
X âŠ‡ C,Set X is a superset of set C
f '' T,The image of set T under function f
(Wá¶œ)á¶œ = W,Double complement of W is W
V âˆ© (V âˆª S) = V,Vbsorption law for intersection: V âˆ© (V âˆª S) = V
f '' S,The image of set S under function f
"{n : â„¤ | âˆƒ k, n = 2 * k + 1}",The set of all odd integers
T âˆ© (T âˆª R) = T,Tbsorption law for intersection: T âˆ© (T âˆª R) = T
ğ’«(P) = {S | S âŠ† P},The power set of P is the set of all subsets of P
Y âŠ† Y âˆª A,Y is a subset of the union of Y and A
ğ’«(V) = {S | S âŠ† V},The power set of V is the set of all subsets of V
Y âˆª (A âˆ© W) = (Y âˆª A) âˆ© (Y âˆª W),Union distributes over intersection: Y âˆª (A âˆ© W) = (Y âˆª A) âˆ© (Y âˆª W)
"âˆ€ x, x âˆ‰ âˆ…",The empty set has no elements
"âˆ€ x âˆˆ Z, P x â†’ Q x","For every element x in Z, if P(x) then Q(x)"
c âˆˆ S âˆ© C â†” (c âˆˆ S âˆ§ c âˆˆ C),c belongs to the intersection of S and C if and only if c is in both S and C
Y âŠ‡ P,Set Y is a superset of set P
âˆ… âˆˆ ğ’«(W),The empty set is in the power set of W
Uá¶œ,The complement of set U
t âˆˆ Aá¶œ â†” t âˆ‰ A,t is in the complement of A if and only if t is not in A
P âŠ† X,Every element of P belongs to X
Z âŠ‡ P,Set Z is a superset of set P
a âˆ‰ T,a is not a member of set T
{n : â„• | n > 5},The set of all natural numbers greater than 5
U âˆª (U âˆ© V) = U,Ubsorption law for union: U âˆª (U âˆ© V) = U
C âŠ† S â†’ Sá¶œ âŠ† Cá¶œ,"If C âŠ† S, then Sá¶œ âŠ† Cá¶œ"
âˆ… âˆˆ ğ’«(R),The empty set is in the power set of R
Surjective (f : U â†’ X),f is surjective from U to X
"âˆ€ x, x âˆˆ univ",The universal set contains all elements
"âˆ€ x, x âˆˆ univ",Every element belongs to the universal set
V âˆª Z,The union of sets V and Z
"âˆ€ x âˆˆ W, P x â†’ Q x","For every element x in W, if P(x) then Q(x)"
U âˆˆ ğ’«(U),U is in its own power set
t âˆˆ R,The element t belongs to set R
s âˆˆ V âˆª W â†” (s âˆˆ V âˆ¨ s âˆˆ W),s is in V union W if and only if s is in V or s is in W
U âŠ† T,Every element of U belongs to T
"âˆ€ x, x âˆˆ univ",Every element belongs to the universal set
R âŠ‡ Q,Set R is a superset of set Q
m âˆˆ Q âˆ© X â†” (m âˆˆ Q âˆ§ m âˆˆ X),m belongs to the intersection of Q and X if and only if m is in both Q and X
x âˆˆ T,The element x belongs to set T
P âŠ† A âˆ§ A âŠ† P â†’ P = A,"If P is a subset of A and A is a subset of P, then P equals A"
Xijective (f : P â†’ X),f is bijective from P to X
Z âˆ© S âŠ† Z,The intersection of Z and S is a subset of Z
X âˆ© U,The intersection of sets X and U
Q âˆ© X,The intersection of sets Q and X
P âŠ† U âˆ§ U âŠ† Y â†’ P âŠ† Y,"If P âŠ† U and U âŠ† Y, then P âŠ† Y"
Z âŠ† T,Every element of Z belongs to T
T âŠ† T âˆª A,T is a subset of the union of T and A
U âŠ‡ X,Set U is a superset of set X
Y âŠ‡ W,Set Y is a superset of set W
"S Ã— B = {(a, b) | a âˆˆ S âˆ§ b âˆˆ B}","The Cartesian product S Ã— B is the set of all ordered pairs (a, b) where a âˆˆ S and b âˆˆ B"
âˆ… âˆˆ ğ’«(B),The empty set is in the power set of B
A âˆ© A âŠ† A,The intersection of A and A is a subset of A
R Ã— B,The Cartesian product of R and B
V âˆª (V âˆ© U) = V,Vbsorption law for union: V âˆª (V âˆ© U) = V
P âŠ‡ R,Set P is a superset of set R
"âˆ€ x, x âˆ‰ âˆ…",No element belongs to the empty set
"âˆ€ x, x âˆˆ univ",The universal set contains all elements
R \ Q,The set difference R minus Q
"{n : â„• | âˆƒ k, n = 2 * k}",The set of all even natural numbers
z âˆˆ X âˆ© Y â†” (z âˆˆ X âˆ§ z âˆˆ Y),z belongs to the intersection of X and Y if and only if z is in both X and Y
C âˆª V,The union of sets C and V
v âˆˆ S âˆª P â†” (v âˆˆ S âˆ¨ v âˆˆ P),v is in S union P if and only if v is in S or v is in P
S âŠ† U,Set S is a subset of set U
S âŠ† U,S is contained in U
T âŠ† T âˆª U,T is a subset of the union of T and U
W âŠ† W âˆ§ W âŠ† A â†’ W âŠ† A,"If W âŠ† W and W âŠ† A, then W âŠ† A"
P âˆª T,The union of sets P and T
W âˆ© A,The intersection of sets W and A
S âˆª V,The union of sets S and V
Disjoint U S â†’ U âˆ© S = âˆ…,"If U and S are disjoint, then U âˆ© S = âˆ…"
"{n : â„• | âˆƒ k, n = 2 * k}",The set of all even natural numbers
"âˆ€ x âˆˆ R, P x","For all x in R, property P holds"
Uá¶œ,The complement of set U
V âŠ† X âˆ§ X âŠ† V â†’ V = X,"If V is a subset of X and X is a subset of V, then V equals X"
C âˆˆ ğ’«(C),C is in its own power set
"âˆ€ x âˆˆ C, P x â†’ Q x","For every element x in C, if P(x) then Q(x)"
S âŠ‡ Q,Set S is a superset of set Q
{x : â„ | x > 0},The set of all positive real numbers
{x | P x},The set of all elements x such that property P holds
T \ W,The set difference T minus W
{x âˆˆ P | Q x},The set of all elements in P satisfying property Q
v âˆ‰ W,v is not a member of set W
"Q = Z â†” âˆ€ x, x âˆˆ Q â†” x âˆˆ Z",Sets Q and Z are equal if they have the same elements
U âˆˆ ğ’«(U),U is in its own power set
A âŠ† C âˆ§ Infinite A â†’ Infinite C,"If A âŠ† C and A is infinite, then C is infinite"
f â»Â¹' X,The preimage of set X under function f
b âˆˆ W,The element b belongs to set W
(Rá¶œ)á¶œ = R,Double complement of R is R
z âˆˆ X âˆª P â†” (z âˆˆ X âˆ¨ z âˆˆ P),z is in X union P if and only if z is in X or z is in P
T âŠ† B,Every element of T belongs to B
Q âˆª (Q âˆ© S) = Q,Qbsorption law for union: Q âˆª (Q âˆ© S) = Q
Q âŠ† C âˆ§ C âŠ† Q â†’ Q = C,"If Q is a subset of C and C is a subset of Q, then Q equals C"
Pijective (f : U â†’ P),f is bijective from U to P
A âŠ† U âˆ§ U âŠ† A â†’ A = U,"If A is a subset of U and U is a subset of A, then A equals U"
"âˆ€ x, x âˆ‰ âˆ…",The empty set has no elements
"C Ã— U = {(a, b) | a âˆˆ C âˆ§ b âˆˆ U}","The Cartesian product C Ã— U is the set of all ordered pairs (a, b) where a âˆˆ C and b âˆˆ U"
y âˆˆ B,The element y belongs to set B
W âŠ‡ U,Set W is a superset of set U
âˆ… âŠ† U,The empty set is a subset of every set U
V âˆ© (Z âˆª C) = (V âˆ© Z) âˆª (V âˆ© C),Intersection distributes over union: V âˆ© (Z âˆª C) = (V âˆ© Z) âˆª (V âˆ© C)
X = Y â†” (X âŠ† Y âˆ§ Y âŠ† X),Two sets are equal if and only if they are subsets of each other
y âˆˆ W âˆª V â†” (y âˆˆ W âˆ¨ y âˆˆ V),y is in W union V if and only if y is in W or y is in V
Surjective (f : Y â†’ X),f is surjective from Y to X
B âˆ© P,The intersection of sets B and P
s âˆˆ P âˆª T â†” (s âˆˆ P âˆ¨ s âˆˆ T),s is in P union T if and only if s is in P or s is in T
Rá¶œ,The complement of set R
W âŠ‡ C,Set W is a superset of set C
C âŠ† univ,Every set C is a subset of the universal set
Surjective (f : V â†’ X),f is surjective from V to X
A Ã— R,The Cartesian product of A and R
{n : â„• | n > 5},The set of all natural numbers greater than 5
W âˆ© T,The intersection of sets W and T
Z âŠ† U,Set Z is a subset of set U
x âˆˆ Q,The element x belongs to set Q
R âŠ† X âˆ§ X âŠ† R â†’ R = X,"If R is a subset of X and X is a subset of R, then R equals X"
m âˆ‰ X,m is not a member of set X
