Symbolic_Maths,Natural_Language
A âŠ† R,A is a subset of R
A âŠ† S,A is a subset of S
A âŠ† V,A is a subset of V
A âŠ† X,A is a subset of X
A âŠ† Y,A is a subset of Y
A âˆˆ ğ’«(A),A is an element of its own power set
T âˆ© (T âˆª P) = T,Absorption law for intersection: T âˆ© (T âˆª P) = T
T âˆ© (T âˆª R) = T,Absorption law for intersection: T âˆ© (T âˆª R) = T
T âˆ© (T âˆª U) = T,Absorption law for intersection: T âˆ© (T âˆª U) = T
Z âˆ© (Z âˆª B) = Z,Absorption law for intersection: Z âˆ© (Z âˆª B) = Z
Z âˆ© (Z âˆª Z) = Z,Absorption law for intersection: Z âˆ© (Z âˆª Z) = Z
A âˆª (A âˆ© U) = A,Absorption law for union: A âˆª (A âˆ© U) = A
A âˆª (A âˆ© Y) = A,Absorption law for union: A âˆª (A âˆ© Y) = A
T âˆª (T âˆ© R) = T,Absorption law for union: T âˆª (T âˆ© R) = T
Z âˆª (Z âˆ© B) = Z,Absorption law for union: Z âˆª (Z âˆ© B) = Z
Z âˆª (Z âˆ© R) = Z,Absorption law for union: Z âˆª (Z âˆ© R) = Z
Z âˆª (Z âˆ© X) = Z,Absorption law for union: Z âˆª (Z âˆ© X) = Z
B âŠ† R,B is a subset of R
C âŠ† Q,C is a subset of Q
C âŠ† V,C is a subset of V
C âŠ† Z,C is a subset of Z
C âˆˆ ğ’«(C),C is an element of its own power set
C âˆ© (C âˆª W) = C,Cbsorption law for intersection: C âˆ© (C âˆª W) = C
(Aá¶œ)á¶œ = A,Double complement of A is A
(Cá¶œ)á¶œ = C,Double complement of C is C
(Pá¶œ)á¶œ = P,Double complement of P is P
(Rá¶œ)á¶œ = R,Double complement of R is R
(Tá¶œ)á¶œ = T,Double complement of T is T
(Vá¶œ)á¶œ = V,Double complement of V is V
(Wá¶œ)á¶œ = W,Double complement of W is W
(Xá¶œ)á¶œ = X,Double complement of X is X
(Zá¶œ)á¶œ = Z,Double complement of Z is Z
"âˆ€ x, x âˆˆ univ",Every element is an element of the universal set
B âŠ† P,Every element of B is an element of P
C âŠ† Z,Every element of C is an element of Z
P âŠ† S,Every element of P is an element of S
P âŠ† X,Every element of P is an element of X
Q âŠ† P,Every element of Q is an element of P
R âŠ† T,Every element of R is an element of T
R âŠ† W,Every element of R is an element of W
R âŠ† Z,Every element of R is an element of Z
S âŠ† V,Every element of S is an element of V
S âŠ† X,Every element of S is an element of X
T âŠ† B,Every element of T is an element of B
T âŠ† V,Every element of T is an element of V
U âŠ† T,Every element of U is an element of T
U âŠ† Y,Every element of U is an element of Y
W âŠ† V,Every element of W is an element of V
W âŠ† Z,Every element of W is an element of Z
X âŠ† T,Every element of X is an element of T
X âŠ† Z,Every element of X is an element of Z
Z âŠ† T,Every element of Z is an element of T
Z âŠ† V,Every element of Z is an element of V
Z âŠ† X,Every element of Z is an element of X
B âŠ† univ,Every set B is a subset of the universal set
C âŠ† univ,Every set C is a subset of the universal set
U âŠ† univ,Every set U is a subset of the universal set
W âŠ† univ,Every set W is a subset of the universal set
X âŠ† univ,Every set X is a subset of the universal set
Y âŠ† univ,Every set Y is a subset of the universal set
Z âŠ† univ,Every set Z is a subset of the universal set
"âˆ€ S, S âŠ† A â†’ S âˆˆ ğ’«(A)",Every subset of A is an element of the power set of A
"âˆ€ S, S âŠ† B â†’ S âˆˆ ğ’«(B)",Every subset of B is an element of the power set of B
"âˆ€ S, S âŠ† P â†’ S âˆˆ ğ’«(P)",Every subset of P is an element of the power set of P
"âˆ€ S, S âŠ† Q â†’ S âˆˆ ğ’«(Q)",Every subset of Q is an element of the power set of Q
"âˆ€ S, S âŠ† R â†’ S âˆˆ ğ’«(R)",Every subset of R is an element of the power set of R
"âˆ€ S, S âŠ† U â†’ S âˆˆ ğ’«(U)",Every subset of U is an element of the power set of U
"âˆ€ S, S âŠ† V â†’ S âˆˆ ğ’«(V)",Every subset of V is an element of the power set of V
"âˆ€ S, S âŠ† W â†’ S âˆˆ ğ’«(W)",Every subset of W is an element of the power set of W
"âˆ€ S, S âŠ† X â†’ S âˆˆ ğ’«(X)",Every subset of X is an element of the power set of X
"âˆ€ S, S âŠ† Z â†’ S âˆˆ ğ’«(Z)",Every subset of Z is an element of the power set of Z
"âˆ€ S âŠ† B, Finite S","For all subsets S of B, S is finite"
"âˆ€ S âŠ† R, Finite S","For all subsets S of R, S is finite"
"âˆ€ S âŠ† U, Finite S","For all subsets S of U, S is finite"
"âˆ€ S âŠ† V, Finite S","For all subsets S of V, S is finite"
"âˆ€ S âŠ† Y, Finite S","For all subsets S of Y, S is finite"
"âˆ€ x âˆˆ A, P x","For all x in A, property P holds"
"âˆ€ x âˆˆ B, P x","For all x in B, property P holds"
"âˆ€ x âˆˆ C, P x","For all x in C, property P holds"
"âˆ€ x âˆˆ P, P x","For all x in P, property P holds"
"âˆ€ x âˆˆ Q, P x","For all x in Q, property P holds"
"âˆ€ x âˆˆ R, P x","For all x in R, property P holds"
"âˆ€ x âˆˆ S, P x","For all x in S, property P holds"
"âˆ€ x âˆˆ T, P x","For all x in T, property P holds"
"âˆ€ x âˆˆ U, P x","For all x in U, property P holds"
"âˆ€ x âˆˆ V, P x","For all x in V, property P holds"
"âˆ€ x âˆˆ W, P x","For all x in W, property P holds"
"âˆ€ x âˆˆ Y, P x","For all x in Y, property P holds"
"âˆ€ x âˆˆ A, P x â†’ Q x","For every element x in A, if P(x) then Q(x)"
"âˆ€ x âˆˆ B, P x â†’ Q x","For every element x in B, if P(x) then Q(x)"
"âˆ€ x âˆˆ C, P x â†’ Q x","For every element x in C, if P(x) then Q(x)"
"âˆ€ x âˆˆ Q, P x â†’ Q x","For every element x in Q, if P(x) then Q(x)"
"âˆ€ x âˆˆ R, P x â†’ Q x","For every element x in R, if P(x) then Q(x)"
"âˆ€ x âˆˆ T, P x â†’ Q x","For every element x in T, if P(x) then Q(x)"
"âˆ€ x âˆˆ V, P x â†’ Q x","For every element x in V, if P(x) then Q(x)"
"âˆ€ x âˆˆ W, P x â†’ Q x","For every element x in W, if P(x) then Q(x)"
"âˆ€ x âˆˆ Z, P x â†’ Q x","For every element x in Z, if P(x) then Q(x)"
A âŠ† A âˆ§ A âŠ† A â†’ A = A,"If A is a subset of A and A is a subset of A, then A equals A"
A âŠ† U âˆ§ U âŠ† A â†’ A = U,"If A is a subset of U and U is a subset of A, then A equals U"
Finite A âˆ§ Finite V â†’ Finite (A âˆª V),"If A is finite and V is finite, then A âˆª V is finite"
Finite A âˆ§ Finite W â†’ Finite (A âˆª W),"If A is finite and W is finite, then A âˆª W is finite"
A âŠ† C âˆ§ Infinite A â†’ Infinite C,"If A âŠ† C and A is infinite, then C is infinite"
A âŠ† W âˆ§ Infinite A â†’ Infinite W,"If A âŠ† W and A is infinite, then W is infinite"
C âŠ† R âˆ§ R âŠ† C â†’ C = R,"If C is a subset of R and R is a subset of C, then C equals R"
C âŠ† B â†’ Bá¶œ âŠ† Cá¶œ,"If C âŠ† B, then Bá¶œ âŠ† Cá¶œ"
C âŠ† Q âˆ§ Infinite C â†’ Infinite Q,"If C âŠ† Q and C is infinite, then Q is infinite"
C âŠ† Q â†’ Qá¶œ âŠ† Cá¶œ,"If C âŠ† Q, then Qá¶œ âŠ† Cá¶œ"
C âŠ† S â†’ Sá¶œ âŠ† Cá¶œ,"If C âŠ† S, then Sá¶œ âŠ† Cá¶œ"
P âŠ† A âˆ§ A âŠ† P â†’ P = A,"If P is a subset of A and A is a subset of P, then P equals A"
P âŠ† C âˆ§ C âŠ† P â†’ P = C,"If P is a subset of C and C is a subset of P, then P equals C"
P âŠ† W âˆ§ W âŠ† P â†’ P = W,"If P is a subset of W and W is a subset of P, then P equals W"
P âŠ† Z âˆ§ Z âŠ† P â†’ P = Z,"If P is a subset of Z and Z is a subset of P, then P equals Z"
P âŠ† S âˆ§ Infinite P â†’ Infinite S,"If P âŠ† S and P is infinite, then S is infinite"
P âŠ† T âˆ§ T âŠ† T â†’ P âŠ† T,"If P âŠ† T and T âŠ† T, then P âŠ† T"
P âŠ† U âˆ§ U âŠ† Y â†’ P âŠ† Y,"If P âŠ† U and U âŠ† Y, then P âŠ† Y"
Disjoint Q S â†’ Q âˆ© S = âˆ…,"If Q and S are disjoint, then Q âˆ© S = âˆ…"
Disjoint Q Y â†’ Q âˆ© Y = âˆ…,"If Q and Y are disjoint, then Q âˆ© Y = âˆ…"
Q âŠ† C âˆ§ C âŠ† Q â†’ Q = C,"If Q is a subset of C and C is a subset of Q, then Q equals C"
Q âŠ† X âˆ§ X âŠ† Q â†’ Q = X,"If Q is a subset of X and X is a subset of Q, then Q equals X"
Finite Q âˆ§ Finite V â†’ Finite (Q âˆª V),"If Q is finite and V is finite, then Q âˆª V is finite"
Q âŠ† C â†’ Cá¶œ âŠ† Qá¶œ,"If Q âŠ† C, then Cá¶œ âŠ† Qá¶œ"
Q âŠ† Q âˆ§ Q âŠ† A â†’ Q âŠ† A,"If Q âŠ† Q and Q âŠ† A, then Q âŠ† A"
Q âŠ† V âˆ§ Infinite Q â†’ Infinite V,"If Q âŠ† V and Q is infinite, then V is infinite"
Q âŠ† X â†’ Xá¶œ âŠ† Qá¶œ,"If Q âŠ† X, then Xá¶œ âŠ† Qá¶œ"
R âŠ† X âˆ§ X âŠ† R â†’ R = X,"If R is a subset of X and X is a subset of R, then R equals X"
Finite R âˆ§ Finite T â†’ Finite (R âˆª T),"If R is finite and T is finite, then R âˆª T is finite"
Finite R âˆ§ Finite Z â†’ Finite (R âˆª Z),"If R is finite and Z is finite, then R âˆª Z is finite"
R âŠ† S â†’ Sá¶œ âŠ† Rá¶œ,"If R âŠ† S, then Sá¶œ âŠ† Rá¶œ"
R âŠ† T âˆ§ Infinite R â†’ Infinite T,"If R âŠ† T and R is infinite, then T is infinite"
R âŠ† U âˆ§ Infinite R â†’ Infinite U,"If R âŠ† U and R is infinite, then U is infinite"
R âŠ† W âˆ§ W âŠ† Y â†’ R âŠ† Y,"If R âŠ† W and W âŠ† Y, then R âŠ† Y"
R âŠ† W âˆ§ W âŠ† Z â†’ R âŠ† Z,"If R âŠ† W and W âŠ† Z, then R âŠ† Z"
Disjoint S R â†’ S âˆ© R = âˆ…,"If S and R are disjoint, then S âˆ© R = âˆ…"
S âŠ† P âˆ§ P âŠ† S â†’ S = P,"If S is a subset of P and P is a subset of S, then S equals P"
Finite S âˆ§ Finite T â†’ Finite (S âˆª T),"If S is finite and T is finite, then S âˆª T is finite"
S âŠ† Q â†’ Qá¶œ âŠ† Sá¶œ,"If S âŠ† Q, then Qá¶œ âŠ† Sá¶œ"
S âŠ† S â†’ Sá¶œ âŠ† Sá¶œ,"If S âŠ† S, then Sá¶œ âŠ† Sá¶œ"
S âŠ† U â†’ Uá¶œ âŠ† Sá¶œ,"If S âŠ† U, then Uá¶œ âŠ† Sá¶œ"
S âŠ† Y âˆ§ Y âŠ† S â†’ S âŠ† S,"If S âŠ† Y and Y âŠ† S, then S âŠ† S"
Disjoint T W â†’ T âˆ© W = âˆ…,"If T and W are disjoint, then T âˆ© W = âˆ…"
T âŠ† Z âˆ§ Infinite T â†’ Infinite Z,"If T âŠ† Z and T is infinite, then Z is infinite"
Disjoint U P â†’ U âˆ© P = âˆ…,"If U and P are disjoint, then U âˆ© P = âˆ…"
Disjoint U S â†’ U âˆ© S = âˆ…,"If U and S are disjoint, then U âˆ© S = âˆ…"
U âŠ† V âˆ§ V âŠ† U â†’ U = V,"If U is a subset of V and V is a subset of U, then U equals V"
U âŠ† T âˆ§ T âŠ† S â†’ U âŠ† S,"If U âŠ† T and T âŠ† S, then U âŠ† S"
U âŠ† V âˆ§ V âŠ† Q â†’ U âŠ† Q,"If U âŠ† V and V âŠ† Q, then U âŠ† Q"
U âŠ† V â†’ Vá¶œ âŠ† Uá¶œ,"If U âŠ† V, then Vá¶œ âŠ† Uá¶œ"
V âŠ† A âˆ§ A âŠ† V â†’ V = A,"If V is a subset of A and A is a subset of V, then V equals A"
V âŠ† X âˆ§ X âŠ† V â†’ V = X,"If V is a subset of X and X is a subset of V, then V equals X"
V âŠ† Y âˆ§ Y âŠ† V â†’ V = Y,"If V is a subset of Y and Y is a subset of V, then V equals Y"
V âŠ† Z âˆ§ Z âŠ† V â†’ V = Z,"If V is a subset of Z and Z is a subset of V, then V equals Z"
V âŠ† A âˆ§ A âŠ† B â†’ V âŠ† B,"If V âŠ† A and A âŠ† B, then V âŠ† B"
V âŠ† V âˆ§ Infinite V â†’ Infinite V,"If V âŠ† V and V is infinite, then V is infinite"
V âŠ† W âˆ§ W âŠ† T â†’ V âŠ† T,"If V âŠ† W and W âŠ† T, then V âŠ† T"
Disjoint W Y â†’ W âˆ© Y = âˆ…,"If W and Y are disjoint, then W âˆ© Y = âˆ…"
Finite W âˆ§ Finite Y â†’ Finite (W âˆª Y),"If W is finite and Y is finite, then W âˆª Y is finite"
W âŠ† B âˆ§ B âŠ† Z â†’ W âŠ† Z,"If W âŠ† B and B âŠ† Z, then W âŠ† Z"
W âŠ† S â†’ Sá¶œ âŠ† Wá¶œ,"If W âŠ† S, then Sá¶œ âŠ† Wá¶œ"
W âŠ† W âˆ§ W âŠ† A â†’ W âŠ† A,"If W âŠ† W and W âŠ† A, then W âŠ† A"
X âŠ† Y âˆ§ Y âŠ† X â†’ X = Y,"If X is a subset of Y and Y is a subset of X, then X equals Y"
X âŠ† B âˆ§ B âŠ† U â†’ X âŠ† U,"If X âŠ† B and B âŠ† U, then X âŠ† U"
X âŠ† R â†’ Rá¶œ âŠ† Xá¶œ,"If X âŠ† R, then Rá¶œ âŠ† Xá¶œ"
Disjoint Y P â†’ Y âˆ© P = âˆ…,"If Y and P are disjoint, then Y âˆ© P = âˆ…"
Y âŠ† B âˆ§ B âŠ† Y â†’ Y = B,"If Y is a subset of B and B is a subset of Y, then Y equals B"
Y âŠ† Z âˆ§ Z âŠ† Y â†’ Y = Z,"If Y is a subset of Z and Z is a subset of Y, then Y equals Z"
Finite Y âˆ§ Finite R â†’ Finite (Y âˆª R),"If Y is finite and R is finite, then Y âˆª R is finite"
Y âŠ† A âˆ§ A âŠ† W â†’ Y âŠ† W,"If Y âŠ† A and A âŠ† W, then Y âŠ† W"
Y âŠ† T âˆ§ T âŠ† A â†’ Y âŠ† A,"If Y âŠ† T and T âŠ† A, then Y âŠ† A"
Y âŠ† X âˆ§ X âŠ† B â†’ Y âŠ† B,"If Y âŠ† X and X âŠ† B, then Y âŠ† B"
Z âŠ† T âˆ§ T âŠ† Z â†’ Z = T,"If Z is a subset of T and T is a subset of Z, then Z equals T"
Z âŠ† V âˆ§ V âŠ† Q â†’ Z âŠ† Q,"If Z âŠ† V and V âŠ† Q, then Z âŠ† Q"
Z âŠ† V âˆ§ V âŠ† X â†’ Z âŠ† X,"If Z âŠ† V and V âŠ† X, then Z âŠ† X"
Z âŠ† V â†’ Vá¶œ âŠ† Zá¶œ,"If Z âŠ† V, then Vá¶œ âŠ† Zá¶œ"
Z âŠ† W âˆ§ Infinite Z â†’ Infinite W,"If Z âŠ† W and Z is infinite, then W is infinite"
"Injective f â†’ âˆ€ x y âˆˆ A, f x = f y â†’ x = y","If f is injective, then for all x, y in A, f(x) = f(y) implies x = y"
"Injective f â†’ âˆ€ x y âˆˆ C, f x = f y â†’ x = y","If f is injective, then for all x, y in C, f(x) = f(y) implies x = y"
"Injective f â†’ âˆ€ x y âˆˆ R, f x = f y â†’ x = y","If f is injective, then for all x, y in R, f(x) = f(y) implies x = y"
"Injective f â†’ âˆ€ x y âˆˆ T, f x = f y â†’ x = y","If f is injective, then for all x, y in T, f(x) = f(y) implies x = y"
"Injective f â†’ âˆ€ x y âˆˆ U, f x = f y â†’ x = y","If f is injective, then for all x, y in U, f(x) = f(y) implies x = y"
"Injective f â†’ âˆ€ x y âˆˆ V, f x = f y â†’ x = y","If f is injective, then for all x, y in V, f(x) = f(y) implies x = y"
"Injective f â†’ âˆ€ x y âˆˆ W, f x = f y â†’ x = y","If f is injective, then for all x, y in W, f(x) = f(y) implies x = y"
"Injective f â†’ âˆ€ x y âˆˆ X, f x = f y â†’ x = y","If f is injective, then for all x, y in X, f(x) = f(y) implies x = y"
"Injective f â†’ âˆ€ x y âˆˆ Z, f x = f y â†’ x = y","If f is injective, then for all x, y in Z, f(x) = f(y) implies x = y"
A âˆ© (S âˆª P) = (A âˆ© S) âˆª (A âˆ© P),Intersection distributes over union: A âˆ© (S âˆª P) = (A âˆ© S) âˆª (A âˆ© P)
P âˆ© (A âˆª W) = (P âˆ© A) âˆª (P âˆ© W),Intersection distributes over union: P âˆ© (A âˆª W) = (P âˆ© A) âˆª (P âˆ© W)
P âˆ© (B âˆª P) = (P âˆ© B) âˆª (P âˆ© P),Intersection distributes over union: P âˆ© (B âˆª P) = (P âˆ© B) âˆª (P âˆ© P)
P âˆ© (R âˆª P) = (P âˆ© R) âˆª (P âˆ© P),Intersection distributes over union: P âˆ© (R âˆª P) = (P âˆ© R) âˆª (P âˆ© P)
Q âˆ© (W âˆª C) = (Q âˆ© W) âˆª (Q âˆ© C),Intersection distributes over union: Q âˆ© (W âˆª C) = (Q âˆ© W) âˆª (Q âˆ© C)
R âˆ© (A âˆª A) = (R âˆ© A) âˆª (R âˆ© A),Intersection distributes over union: R âˆ© (A âˆª A) = (R âˆ© A) âˆª (R âˆ© A)
R âˆ© (Q âˆª S) = (R âˆ© Q) âˆª (R âˆ© S),Intersection distributes over union: R âˆ© (Q âˆª S) = (R âˆ© Q) âˆª (R âˆ© S)
R âˆ© (Z âˆª T) = (R âˆ© Z) âˆª (R âˆ© T),Intersection distributes over union: R âˆ© (Z âˆª T) = (R âˆ© Z) âˆª (R âˆ© T)
S âˆ© (P âˆª U) = (S âˆ© P) âˆª (S âˆ© U),Intersection distributes over union: S âˆ© (P âˆª U) = (S âˆ© P) âˆª (S âˆ© U)
S âˆ© (S âˆª S) = (S âˆ© S) âˆª (S âˆ© S),Intersection distributes over union: S âˆ© (S âˆª S) = (S âˆ© S) âˆª (S âˆ© S)
T âˆ© (B âˆª T) = (T âˆ© B) âˆª (T âˆ© T),Intersection distributes over union: T âˆ© (B âˆª T) = (T âˆ© B) âˆª (T âˆ© T)
T âˆ© (X âˆª B) = (T âˆ© X) âˆª (T âˆ© B),Intersection distributes over union: T âˆ© (X âˆª B) = (T âˆ© X) âˆª (T âˆ© B)
U âˆ© (A âˆª A) = (U âˆ© A) âˆª (U âˆ© A),Intersection distributes over union: U âˆ© (A âˆª A) = (U âˆ© A) âˆª (U âˆ© A)
U âˆ© (A âˆª B) = (U âˆ© A) âˆª (U âˆ© B),Intersection distributes over union: U âˆ© (A âˆª B) = (U âˆ© A) âˆª (U âˆ© B)
U âˆ© (U âˆª Q) = (U âˆ© U) âˆª (U âˆ© Q),Intersection distributes over union: U âˆ© (U âˆª Q) = (U âˆ© U) âˆª (U âˆ© Q)
V âˆ© (U âˆª C) = (V âˆ© U) âˆª (V âˆ© C),Intersection distributes over union: V âˆ© (U âˆª C) = (V âˆ© U) âˆª (V âˆ© C)
V âˆ© (W âˆª V) = (V âˆ© W) âˆª (V âˆ© V),Intersection distributes over union: V âˆ© (W âˆª V) = (V âˆ© W) âˆª (V âˆ© V)
V âˆ© (Z âˆª C) = (V âˆ© Z) âˆª (V âˆ© C),Intersection distributes over union: V âˆ© (Z âˆª C) = (V âˆ© Z) âˆª (V âˆ© C)
W âˆ© (P âˆª Q) = (W âˆ© P) âˆª (W âˆ© Q),Intersection distributes over union: W âˆ© (P âˆª Q) = (W âˆ© P) âˆª (W âˆ© Q)
X âˆ© (S âˆª A) = (X âˆ© S) âˆª (X âˆ© A),Intersection distributes over union: X âˆ© (S âˆª A) = (X âˆ© S) âˆª (X âˆ© A)
X âˆ© (W âˆª B) = (X âˆ© W) âˆª (X âˆ© B),Intersection distributes over union: X âˆ© (W âˆª B) = (X âˆ© W) âˆª (X âˆ© B)
X âˆ© (W âˆª S) = (X âˆ© W) âˆª (X âˆ© S),Intersection distributes over union: X âˆ© (W âˆª S) = (X âˆ© W) âˆª (X âˆ© S)
Y âˆ© (B âˆª Z) = (Y âˆ© B) âˆª (Y âˆ© Z),Intersection distributes over union: Y âˆ© (B âˆª Z) = (Y âˆ© B) âˆª (Y âˆ© Z)
Y âˆ© (P âˆª Q) = (Y âˆ© P) âˆª (Y âˆ© Q),Intersection distributes over union: Y âˆ© (P âˆª Q) = (Y âˆ© P) âˆª (Y âˆ© Q)
Z âˆ© (B âˆª X) = (Z âˆ© B) âˆª (Z âˆ© X),Intersection distributes over union: Z âˆ© (B âˆª X) = (Z âˆ© B) âˆª (Z âˆ© X)
Z âˆ© (R âˆª Y) = (Z âˆ© R) âˆª (Z âˆ© Y),Intersection distributes over union: Z âˆ© (R âˆª Y) = (Z âˆ© R) âˆª (Z âˆ© Y)
Z âˆ© (S âˆª R) = (Z âˆ© S) âˆª (Z âˆ© R),Intersection distributes over union: Z âˆ© (S âˆª R) = (Z âˆ© S) âˆª (Z âˆ© R)
Z âˆ© (Y âˆª Q) = (Z âˆ© Y) âˆª (Z âˆ© Q),Intersection distributes over union: Z âˆ© (Y âˆª Q) = (Z âˆ© Y) âˆª (Z âˆ© Q)
"âˆ€ x, x âˆ‰ âˆ…",No element is an element of the empty set
P âŠ† B,P is a subset of B
P âˆˆ ğ’«(P),P is an element of its own power set
P âˆ© (P âˆª T) = P,Pbsorption law for intersection: P âˆ© (P âˆª T) = P
P âˆª (P âˆ© T) = P,Pbsorption law for union: P âˆª (P âˆ© T) = P
Disjoint Q Qá¶œ,Q and its complement are disjoint
Q âŠ† U,Q is a subset of U
Q âˆ© (Q âˆª B) = Q,Qbsorption law for intersection: Q âˆ© (Q âˆª B) = Q
Q âˆª (Q âˆ© S) = Q,Qbsorption law for union: Q âˆª (Q âˆ© S) = Q
R âŠ† C,R is a subset of C
R âŠ† R âˆª Q,R is a subset of the union of R and Q
R âŠ† R âˆª V,R is a subset of the union of R and V
R âŠ† R âˆª X,R is a subset of the union of R and X
R âˆ© (R âˆª R) = R,Rbsorption law for intersection: R âˆ© (R âˆª R) = R
Disjoint S Sá¶œ,S and its complement are disjoint
S âŠ† B,S is a subset of B
S âŠ† U,S is a subset of U
S âŠ† V,S is a subset of V
S âŠ† W,S is a subset of W
S âŠ† Z,S is a subset of Z
S âŠ† S âˆª U,S is a subset of the union of S and U
S âˆˆ ğ’«(S),S is an element of its own power set
S âˆª (S âˆ© R) = S,Sbsorption law for union: S âˆª (S âˆ© R) = S
S âˆª (S âˆ© S) = S,Sbsorption law for union: S âˆª (S âˆ© S) = S
S âˆª (S âˆ© Z) = S,Sbsorption law for union: S âˆª (S âˆ© Z) = S
A âŠ‡ P,Set A contains set P
A âŠ‡ R,Set A contains set R
A âŠ‡ U,Set A contains set U
A âŠ‡ V,Set A contains set V
A âŠ‡ Z,Set A contains set Z
A âŠ† T,Set A is a subset of set T
B âŠ‡ P,Set B contains set P
B âŠ‡ R,Set B contains set R
B âŠ‡ W,Set B contains set W
B âŠ† C,Set B is a subset of set C
C âŠ‡ B,Set C contains set B
C âŠ‡ T,Set C contains set T
C âŠ‡ X,Set C contains set X
C âŠ† Y,Set C is a subset of set Y
P âŠ‡ Q,Set P contains set Q
P âŠ‡ R,Set P contains set R
P âŠ‡ W,Set P contains set W
P âŠ‡ X,Set P contains set X
P âŠ† S,Set P is a subset of set S
P âŠ† V,Set P is a subset of set V
Q âŠ‡ A,Set Q contains set A
Q âŠ‡ X,Set Q contains set X
Q âŠ‡ Y,Set Q contains set Y
R âŠ‡ B,Set R contains set B
R âŠ‡ P,Set R contains set P
R âŠ‡ Q,Set R contains set Q
R âŠ‡ U,Set R contains set U
R âŠ‡ Y,Set R contains set Y
R âŠ† Y,Set R is a subset of set Y
S âŠ‡ B,Set S contains set B
S âŠ‡ C,Set S contains set C
S âŠ‡ Q,Set S contains set Q
S âŠ‡ X,Set S contains set X
S âŠ† T,Set S is a subset of set T
S âŠ† U,Set S is a subset of set U
T âŠ‡ P,Set T contains set P
T âŠ‡ Q,Set T contains set Q
T âŠ‡ S,Set T contains set S
T âŠ‡ W,Set T contains set W
T âŠ‡ Y,Set T contains set Y
U âŠ‡ C,Set U contains set C
U âŠ‡ R,Set U contains set R
U âŠ‡ X,Set U contains set X
U âŠ‡ Y,Set U contains set Y
U âŠ† Q,Set U is a subset of set Q
U âŠ† R,Set U is a subset of set R
V âŠ‡ C,Set V contains set C
V âŠ‡ T,Set V contains set T
V âŠ‡ Y,Set V contains set Y
V âŠ‡ Z,Set V contains set Z
W âŠ‡ A,Set W contains set A
W âŠ‡ B,Set W contains set B
W âŠ‡ C,Set W contains set C
W âŠ‡ P,Set W contains set P
W âŠ‡ Q,Set W contains set Q
W âŠ‡ R,Set W contains set R
W âŠ‡ S,Set W contains set S
W âŠ‡ U,Set W contains set U
W âŠ‡ X,Set W contains set X
W âŠ‡ Z,Set W contains set Z
W âŠ† R,Set W is a subset of set R
W âŠ† U,Set W is a subset of set U
X âŠ‡ B,Set X contains set B
X âŠ‡ C,Set X contains set C
X âŠ‡ P,Set X contains set P
X âŠ‡ W,Set X contains set W
X âŠ‡ Y,Set X contains set Y
X âŠ† T,Set X is a subset of set T
X âŠ† V,Set X is a subset of set V
Y âŠ‡ P,Set Y contains set P
Y âŠ‡ Q,Set Y contains set Q
Y âŠ‡ T,Set Y contains set T
Y âŠ‡ W,Set Y contains set W
Y âŠ† A,Set Y is a subset of set A
Z âŠ‡ P,Set Z contains set P
Z âŠ‡ W,Set Z contains set W
Z âŠ‡ X,Set Z contains set X
Z âŠ† S,Set Z is a subset of set S
Z âŠ† U,Set Z is a subset of set U
"C = Y â†” âˆ€ x, x âˆˆ C â†” x âˆˆ Y",Sets C and Y are equal if they have the same elements
"Q = W â†” âˆ€ x, x âˆˆ Q â†” x âˆˆ W",Sets Q and W are equal if they have the same elements
"Q = Z â†” âˆ€ x, x âˆˆ Q â†” x âˆˆ Z",Sets Q and Z are equal if they have the same elements
"R = B â†” âˆ€ x, x âˆˆ R â†” x âˆˆ B",Sets R and B are equal if they have the same elements
"R = C â†” âˆ€ x, x âˆˆ R â†” x âˆˆ C",Sets R and C are equal if they have the same elements
"T = V â†” âˆ€ x, x âˆˆ T â†” x âˆˆ V",Sets T and V are equal if they have the same elements
"T = Z â†” âˆ€ x, x âˆˆ T â†” x âˆˆ Z",Sets T and Z are equal if they have the same elements
"U = W â†” âˆ€ x, x âˆˆ U â†” x âˆˆ W",Sets U and W are equal if they have the same elements
"Y = S â†” âˆ€ x, x âˆˆ Y â†” x âˆˆ S",Sets Y and S are equal if they have the same elements
"Z = A â†” âˆ€ x, x âˆˆ Z â†” x âˆˆ A",Sets Z and A are equal if they have the same elements
"Z = T â†” âˆ€ x, x âˆˆ Z â†” x âˆˆ T",Sets Z and T are equal if they have the same elements
Disjoint T Tá¶œ,T and its complement are disjoint
T âŠ† Q,T is a subset of Q
T âŠ† X,T is a subset of X
T âŠ† T âˆª A,T is a subset of the union of T and A
T âŠ† T âˆª U,T is a subset of the union of T and U
T âˆˆ ğ’«(T),T is an element of its own power set
"A Ã— Q = {(a, b) | a âˆˆ A âˆ§ b âˆˆ Q}","The Cartesian product A Ã— Q is the set of all ordered pairs (a, b) where a âˆˆ A and b âˆˆ Q"
"A Ã— V = {(a, b) | a âˆˆ A âˆ§ b âˆˆ V}","The Cartesian product A Ã— V is the set of all ordered pairs (a, b) where a âˆˆ A and b âˆˆ V"
"C Ã— C = {(a, b) | a âˆˆ C âˆ§ b âˆˆ C}","The Cartesian product C Ã— C is the set of all ordered pairs (a, b) where a âˆˆ C and b âˆˆ C"
"C Ã— R = {(a, b) | a âˆˆ C âˆ§ b âˆˆ R}","The Cartesian product C Ã— R is the set of all ordered pairs (a, b) where a âˆˆ C and b âˆˆ R"
"C Ã— S = {(a, b) | a âˆˆ C âˆ§ b âˆˆ S}","The Cartesian product C Ã— S is the set of all ordered pairs (a, b) where a âˆˆ C and b âˆˆ S"
"C Ã— U = {(a, b) | a âˆˆ C âˆ§ b âˆˆ U}","The Cartesian product C Ã— U is the set of all ordered pairs (a, b) where a âˆˆ C and b âˆˆ U"
"C Ã— Z = {(a, b) | a âˆˆ C âˆ§ b âˆˆ Z}","The Cartesian product C Ã— Z is the set of all ordered pairs (a, b) where a âˆˆ C and b âˆˆ Z"
"P Ã— B = {(a, b) | a âˆˆ P âˆ§ b âˆˆ B}","The Cartesian product P Ã— B is the set of all ordered pairs (a, b) where a âˆˆ P and b âˆˆ B"
"P Ã— S = {(a, b) | a âˆˆ P âˆ§ b âˆˆ S}","The Cartesian product P Ã— S is the set of all ordered pairs (a, b) where a âˆˆ P and b âˆˆ S"
"Q Ã— Z = {(a, b) | a âˆˆ Q âˆ§ b âˆˆ Z}","The Cartesian product Q Ã— Z is the set of all ordered pairs (a, b) where a âˆˆ Q and b âˆˆ Z"
"R Ã— A = {(a, b) | a âˆˆ R âˆ§ b âˆˆ A}","The Cartesian product R Ã— A is the set of all ordered pairs (a, b) where a âˆˆ R and b âˆˆ A"
"S Ã— B = {(a, b) | a âˆˆ S âˆ§ b âˆˆ B}","The Cartesian product S Ã— B is the set of all ordered pairs (a, b) where a âˆˆ S and b âˆˆ B"
"S Ã— S = {(a, b) | a âˆˆ S âˆ§ b âˆˆ S}","The Cartesian product S Ã— S is the set of all ordered pairs (a, b) where a âˆˆ S and b âˆˆ S"
"T Ã— C = {(a, b) | a âˆˆ T âˆ§ b âˆˆ C}","The Cartesian product T Ã— C is the set of all ordered pairs (a, b) where a âˆˆ T and b âˆˆ C"
"T Ã— Q = {(a, b) | a âˆˆ T âˆ§ b âˆˆ Q}","The Cartesian product T Ã— Q is the set of all ordered pairs (a, b) where a âˆˆ T and b âˆˆ Q"
"T Ã— U = {(a, b) | a âˆˆ T âˆ§ b âˆˆ U}","The Cartesian product T Ã— U is the set of all ordered pairs (a, b) where a âˆˆ T and b âˆˆ U"
"U Ã— U = {(a, b) | a âˆˆ U âˆ§ b âˆˆ U}","The Cartesian product U Ã— U is the set of all ordered pairs (a, b) where a âˆˆ U and b âˆˆ U"
"U Ã— W = {(a, b) | a âˆˆ U âˆ§ b âˆˆ W}","The Cartesian product U Ã— W is the set of all ordered pairs (a, b) where a âˆˆ U and b âˆˆ W"
"X Ã— Q = {(a, b) | a âˆˆ X âˆ§ b âˆˆ Q}","The Cartesian product X Ã— Q is the set of all ordered pairs (a, b) where a âˆˆ X and b âˆˆ Q"
"X Ã— T = {(a, b) | a âˆˆ X âˆ§ b âˆˆ T}","The Cartesian product X Ã— T is the set of all ordered pairs (a, b) where a âˆˆ X and b âˆˆ T"
"Y Ã— V = {(a, b) | a âˆˆ Y âˆ§ b âˆˆ V}","The Cartesian product Y Ã— V is the set of all ordered pairs (a, b) where a âˆˆ Y and b âˆˆ V"
"Y Ã— Y = {(a, b) | a âˆˆ Y âˆ§ b âˆˆ Y}","The Cartesian product Y Ã— Y is the set of all ordered pairs (a, b) where a âˆˆ Y and b âˆˆ Y"
A Ã— R,The Cartesian product of A and R
A Ã— S,The Cartesian product of A and S
P Ã— P,The Cartesian product of P and P
Q Ã— W,The Cartesian product of Q and W
R Ã— B,The Cartesian product of R and B
S Ã— T,The Cartesian product of S and T
S Ã— W,The Cartesian product of S and W
S Ã— X,The Cartesian product of S and X
S Ã— Z,The Cartesian product of S and Z
T Ã— C,The Cartesian product of T and C
T Ã— P,The Cartesian product of T and P
U Ã— B,The Cartesian product of U and B
U Ã— T,The Cartesian product of U and T
X Ã— P,The Cartesian product of X and P
Y Ã— B,The Cartesian product of Y and B
Z Ã— U,The Cartesian product of Z and U
Aá¶œ,The complement of A
Bá¶œ,The complement of B
Cá¶œ,The complement of C
Pá¶œ,The complement of P
Qá¶œ,The complement of Q
Rá¶œ,The complement of R
Sá¶œ,The complement of S
Tá¶œ,The complement of T
Uá¶œ,The complement of U
Vá¶œ,The complement of V
Wá¶œ,The complement of W
Xá¶œ,The complement of X
Yá¶œ,The complement of Y
Zá¶œ,The complement of Z
(A âˆ© T)á¶œ = Aá¶œ âˆª Tá¶œ,The complement of the intersection of A and T equals the union of their complements
(C âˆ© T)á¶œ = Cá¶œ âˆª Tá¶œ,The complement of the intersection of C and T equals the union of their complements
(C âˆ© Z)á¶œ = Cá¶œ âˆª Zá¶œ,The complement of the intersection of C and Z equals the union of their complements
(P âˆ© W)á¶œ = Pá¶œ âˆª Wá¶œ,The complement of the intersection of P and W equals the union of their complements
(R âˆ© P)á¶œ = Rá¶œ âˆª Pá¶œ,The complement of the intersection of R and P equals the union of their complements
(R âˆ© S)á¶œ = Rá¶œ âˆª Sá¶œ,The complement of the intersection of R and S equals the union of their complements
(R âˆ© Y)á¶œ = Rá¶œ âˆª Yá¶œ,The complement of the intersection of R and Y equals the union of their complements
(S âˆ© C)á¶œ = Sá¶œ âˆª Cá¶œ,The complement of the intersection of S and C equals the union of their complements
(S âˆ© Q)á¶œ = Sá¶œ âˆª Qá¶œ,The complement of the intersection of S and Q equals the union of their complements
(S âˆ© W)á¶œ = Sá¶œ âˆª Wá¶œ,The complement of the intersection of S and W equals the union of their complements
(T âˆ© P)á¶œ = Tá¶œ âˆª Pá¶œ,The complement of the intersection of T and P equals the union of their complements
(T âˆ© R)á¶œ = Tá¶œ âˆª Rá¶œ,The complement of the intersection of T and R equals the union of their complements
(T âˆ© S)á¶œ = Tá¶œ âˆª Sá¶œ,The complement of the intersection of T and S equals the union of their complements
(X âˆ© V)á¶œ = Xá¶œ âˆª Vá¶œ,The complement of the intersection of X and V equals the union of their complements
(X âˆ© Z)á¶œ = Xá¶œ âˆª Zá¶œ,The complement of the intersection of X and Z equals the union of their complements
(Y âˆ© A)á¶œ = Yá¶œ âˆª Aá¶œ,The complement of the intersection of Y and A equals the union of their complements
(Z âˆ© X)á¶œ = Zá¶œ âˆª Xá¶œ,The complement of the intersection of Z and X equals the union of their complements
(A âˆª C)á¶œ = Aá¶œ âˆ© Cá¶œ,The complement of the union of A and C equals the intersection of their complements
(A âˆª Q)á¶œ = Aá¶œ âˆ© Qá¶œ,The complement of the union of A and Q equals the intersection of their complements
(A âˆª W)á¶œ = Aá¶œ âˆ© Wá¶œ,The complement of the union of A and W equals the intersection of their complements
(C âˆª Q)á¶œ = Cá¶œ âˆ© Qá¶œ,The complement of the union of C and Q equals the intersection of their complements
(C âˆª Y)á¶œ = Cá¶œ âˆ© Yá¶œ,The complement of the union of C and Y equals the intersection of their complements
(P âˆª C)á¶œ = Pá¶œ âˆ© Cá¶œ,The complement of the union of P and C equals the intersection of their complements
(P âˆª W)á¶œ = Pá¶œ âˆ© Wá¶œ,The complement of the union of P and W equals the intersection of their complements
(P âˆª Y)á¶œ = Pá¶œ âˆ© Yá¶œ,The complement of the union of P and Y equals the intersection of their complements
(Q âˆª Q)á¶œ = Qá¶œ âˆ© Qá¶œ,The complement of the union of Q and Q equals the intersection of their complements
(Q âˆª U)á¶œ = Qá¶œ âˆ© Uá¶œ,The complement of the union of Q and U equals the intersection of their complements
(Q âˆª W)á¶œ = Qá¶œ âˆ© Wá¶œ,The complement of the union of Q and W equals the intersection of their complements
(R âˆª R)á¶œ = Rá¶œ âˆ© Rá¶œ,The complement of the union of R and R equals the intersection of their complements
(R âˆª U)á¶œ = Rá¶œ âˆ© Uá¶œ,The complement of the union of R and U equals the intersection of their complements
(R âˆª W)á¶œ = Rá¶œ âˆ© Wá¶œ,The complement of the union of R and W equals the intersection of their complements
(V âˆª R)á¶œ = Vá¶œ âˆ© Rá¶œ,The complement of the union of V and R equals the intersection of their complements
(W âˆª B)á¶œ = Wá¶œ âˆ© Bá¶œ,The complement of the union of W and B equals the intersection of their complements
(W âˆª C)á¶œ = Wá¶œ âˆ© Cá¶œ,The complement of the union of W and C equals the intersection of their complements
(W âˆª R)á¶œ = Wá¶œ âˆ© Rá¶œ,The complement of the union of W and R equals the intersection of their complements
(X âˆª T)á¶œ = Xá¶œ âˆ© Tá¶œ,The complement of the union of X and T equals the intersection of their complements
(Y âˆª Q)á¶œ = Yá¶œ âˆ© Qá¶œ,The complement of the union of Y and Q equals the intersection of their complements
(Z âˆª U)á¶œ = Zá¶œ âˆ© Uá¶œ,The complement of the union of Z and U equals the intersection of their complements
a âˆˆ P,The element a is an element of set P
a âˆˆ R,The element a is an element of set R
a âˆˆ T,The element a is an element of set T
b âˆˆ U,The element b is an element of set U
b âˆˆ V,The element b is an element of set V
b âˆˆ W,The element b is an element of set W
b âˆˆ Y,The element b is an element of set Y
c âˆˆ R,The element c is an element of set R
c âˆˆ S,The element c is an element of set S
c âˆˆ Y,The element c is an element of set Y
k âˆˆ C,The element k is an element of set C
k âˆˆ S,The element k is an element of set S
k âˆˆ W,The element k is an element of set W
k âˆˆ X,The element k is an element of set X
k âˆˆ Z,The element k is an element of set Z
m âˆˆ C,The element m is an element of set C
m âˆˆ P,The element m is an element of set P
m âˆˆ Q,The element m is an element of set Q
m âˆˆ S,The element m is an element of set S
m âˆˆ T,The element m is an element of set T
m âˆˆ Z,The element m is an element of set Z
n âˆˆ V,The element n is an element of set V
n âˆˆ Z,The element n is an element of set Z
s âˆˆ W,The element s is an element of set W
s âˆˆ X,The element s is an element of set X
t âˆˆ R,The element t is an element of set R
t âˆˆ S,The element t is an element of set S
t âˆˆ U,The element t is an element of set U
t âˆˆ W,The element t is an element of set W
t âˆˆ X,The element t is an element of set X
t âˆˆ Y,The element t is an element of set Y
u âˆˆ B,The element u is an element of set B
v âˆˆ B,The element v is an element of set B
v âˆˆ S,The element v is an element of set S
v âˆˆ V,The element v is an element of set V
v âˆˆ W,The element v is an element of set W
v âˆˆ X,The element v is an element of set X
w âˆˆ U,The element w is an element of set U
w âˆˆ V,The element w is an element of set V
w âˆˆ W,The element w is an element of set W
x âˆˆ B,The element x is an element of set B
x âˆˆ Q,The element x is an element of set Q
x âˆˆ T,The element x is an element of set T
y âˆˆ B,The element y is an element of set B
y âˆˆ R,The element y is an element of set R
y âˆˆ T,The element y is an element of set T
z âˆˆ C,The element z is an element of set C
z âˆˆ S,The element z is an element of set S
z âˆˆ W,The element z is an element of set W
z âˆˆ X,The element z is an element of set X
"âˆ€ x, x âˆ‰ âˆ…",The empty set contains no elements
âˆ… âŠ† A,The empty set is a subset of every set A
âˆ… âŠ† B,The empty set is a subset of every set B
âˆ… âŠ† C,The empty set is a subset of every set C
âˆ… âŠ† P,The empty set is a subset of every set P
âˆ… âŠ† Q,The empty set is a subset of every set Q
âˆ… âŠ† R,The empty set is a subset of every set R
âˆ… âŠ† S,The empty set is a subset of every set S
âˆ… âŠ† U,The empty set is a subset of every set U
âˆ… âŠ† V,The empty set is a subset of every set V
âˆ… âŠ† X,The empty set is a subset of every set X
âˆ… âŠ† Y,The empty set is a subset of every set Y
âˆ… âŠ† Z,The empty set is a subset of every set Z
âˆ… âˆˆ ğ’«(B),The empty set is an element of the power set of B
âˆ… âˆˆ ğ’«(C),The empty set is an element of the power set of C
âˆ… âˆˆ ğ’«(R),The empty set is an element of the power set of R
âˆ… âˆˆ ğ’«(U),The empty set is an element of the power set of U
âˆ… âˆˆ ğ’«(W),The empty set is an element of the power set of W
âˆ… âˆˆ ğ’«(Y),The empty set is an element of the power set of Y
âˆ… âˆˆ ğ’«(Z),The empty set is an element of the power set of Z
f '' A âŠ† U,The image of A under f is a subset of U
f '' P âŠ† A,The image of P under f is a subset of A
f '' T âŠ† X,The image of T under f is a subset of X
f '' U âŠ† T,The image of U under f is a subset of T
f '' Q,The image of set Q under function f
f '' R,The image of set R under function f
f '' S,The image of set S under function f
f '' T,The image of set T under function f
f '' W,The image of set W under function f
f '' X,The image of set X under function f
f '' Y,The image of set Y under function f
A âˆ© A âŠ† A,The intersection of A and A is a subset of A
A âˆ© S,The intersection of A and S
A âˆ© U,The intersection of A and U
A âˆ© V,The intersection of A and V
A âˆ© X,The intersection of A and X
A âˆ© Y,The intersection of A and Y
A âˆ© Z,The intersection of A and Z
B âˆ© P,The intersection of B and P
B âˆ© X,The intersection of B and X
C âˆ© S,The intersection of C and S
C âˆ© V,The intersection of C and V
C âˆ© W,The intersection of C and W
C âˆ© X,The intersection of C and X
C âˆ© Z,The intersection of C and Z
P âˆ© C,The intersection of P and C
P âˆ© P âŠ† P,The intersection of P and P is a subset of P
P âˆ© W,The intersection of P and W
Q âˆ© P,The intersection of Q and P
Q âˆ© W,The intersection of Q and W
Q âˆ© X,The intersection of Q and X
R âˆ© C,The intersection of R and C
R âˆ© P âŠ† R,The intersection of R and P is a subset of R
R âˆ© R âŠ† R,The intersection of R and R is a subset of R
R âˆ© T âŠ† R,The intersection of R and T is a subset of R
S âˆ© A âŠ† S,The intersection of S and A is a subset of S
S âˆ© T,The intersection of S and T
S âˆ© X âŠ† S,The intersection of S and X is a subset of S
T âˆ© A,The intersection of T and A
T âˆ© Q,The intersection of T and Q
T âˆ© S,The intersection of T and S
T âˆ© U,The intersection of T and U
T âˆ© W,The intersection of T and W
T âˆ© Z,The intersection of T and Z
U âˆ© B,The intersection of U and B
U âˆ© P,The intersection of U and P
U âˆ© T,The intersection of U and T
U âˆ© V,The intersection of U and V
U âˆ© Y,The intersection of U and Y
V âˆ© P,The intersection of V and P
V âˆ© R,The intersection of V and R
W âˆ© A,The intersection of W and A
W âˆ© B,The intersection of W and B
W âˆ© C,The intersection of W and C
W âˆ© P,The intersection of W and P
W âˆ© T,The intersection of W and T
W âˆ© X,The intersection of W and X
X âˆ© B,The intersection of X and B
X âˆ© U,The intersection of X and U
Y âˆ© R,The intersection of Y and R
Y âˆ© S,The intersection of Y and S
Y âˆ© T,The intersection of Y and T
Y âˆ© U,The intersection of Y and U
Y âˆ© V,The intersection of Y and V
Y âˆ© Z,The intersection of Y and Z
Z âˆ© C âŠ† Z,The intersection of Z and C is a subset of Z
Z âˆ© Q âŠ† Z,The intersection of Z and Q is a subset of Z
Z âˆ© R,The intersection of Z and R
Z âˆ© S âŠ† Z,The intersection of Z and S is a subset of Z
Z âˆ© U,The intersection of Z and U
Z âˆ© V,The intersection of Z and V
Z âˆ© X,The intersection of Z and X
Z âˆ© Y,The intersection of Z and Y
ğ’«(A) = {S | S âŠ† A},The power set of A is the set of all subsets of A
ğ’«(C) = {S | S âŠ† C},The power set of C is the set of all subsets of C
ğ’«(P) = {S | S âŠ† P},The power set of P is the set of all subsets of P
ğ’«(R) = {S | S âŠ† R},The power set of R is the set of all subsets of R
ğ’«(S) = {S | S âŠ† S},The power set of S is the set of all subsets of S
ğ’«(V) = {S | S âŠ† V},The power set of V is the set of all subsets of V
ğ’«(X) = {S | S âŠ† X},The power set of X is the set of all subsets of X
ğ’«(Y) = {S | S âŠ† Y},The power set of Y is the set of all subsets of Y
ğ’«(Z) = {S | S âŠ† Z},The power set of Z is the set of all subsets of Z
f â»Â¹' B,The preimage of set B under function f
f â»Â¹' P,The preimage of set P under function f
f â»Â¹' S,The preimage of set S under function f
f â»Â¹' U,The preimage of set U under function f
f â»Â¹' V,The preimage of set V under function f
f â»Â¹' X,The preimage of set X under function f
B \ C,The set difference B minus C
B \ P,The set difference B minus P
B \ R,The set difference B minus R
B \ S,The set difference B minus S
B \ V,The set difference B minus V
B \ X,The set difference B minus X
B \ Y,The set difference B minus Y
C \ W,The set difference C minus W
P \ V,The set difference P minus V
P \ W,The set difference P minus W
Q \ T,The set difference Q minus T
Q \ U,The set difference Q minus U
R \ C,The set difference R minus C
R \ P,The set difference R minus P
R \ Q,The set difference R minus Q
R \ S,The set difference R minus S
S \ A,The set difference S minus A
S \ B,The set difference S minus B
S \ Q,The set difference S minus Q
S \ R,The set difference S minus R
S \ U,The set difference S minus U
T \ C,The set difference T minus C
T \ P,The set difference T minus P
T \ W,The set difference T minus W
U \ B,The set difference U minus B
U \ Q,The set difference U minus Q
U \ R,The set difference U minus R
V \ S,The set difference V minus S
V \ T,The set difference V minus T
V \ Y,The set difference V minus Y
V \ Z,The set difference V minus Z
W \ Y,The set difference W minus Y
X \ Q,The set difference X minus Q
Y \ A,The set difference Y minus A
Y \ U,The set difference Y minus U
Z \ W,The set difference Z minus W
Z \ Y,The set difference Z minus Y
{x âˆˆ A | Q x},The set of all elements in A satisfying property Q
{x âˆˆ B | Q x},The set of all elements in B satisfying property Q
{x âˆˆ C | Q x},The set of all elements in C satisfying property Q
{x âˆˆ P | Q x},The set of all elements in P satisfying property Q
{x âˆˆ X | Q x},The set of all elements in X satisfying property Q
{x âˆˆ Z | Q x},The set of all elements in Z satisfying property Q
{x | P x},The set of all elements x such that property P holds
"{n : â„• | âˆƒ k, n = 2 * k}",The set of all even natural numbers
{n : â„¤ | n < 10},The set of all integers less than 10
{n : â„• | n > 5},The set of all natural numbers greater than 5
"{n : â„¤ | âˆƒ k, n = 2 * k + 1}",The set of all odd integers
{x : â„ | x > 0},The set of all positive real numbers
{x : â„ | 0 < x âˆ§ x < 1},The set of all real numbers between 0 and 1
A âˆª B,The union of A and B
A âˆª P,The union of A and P
A âˆª Q,The union of A and Q
A âˆª T,The union of A and T
A âˆª W,The union of A and W
A âˆª X,The union of A and X
B âˆª A,The union of B and A
B âˆª S,The union of B and S
B âˆª Y,The union of B and Y
C âˆª Q,The union of C and Q
C âˆª R,The union of C and R
C âˆª S,The union of C and S
C âˆª T,The union of C and T
C âˆª V,The union of C and V
C âˆª Cá¶œ = univ,The union of C and its complement equals the universal set
P âˆª C,The union of P and C
P âˆª T,The union of P and T
P âˆª U,The union of P and U
Q âˆª Qá¶œ = univ,The union of Q and its complement equals the universal set
R âˆª S,The union of R and S
R âˆª Y,The union of R and Y
S âˆª A,The union of S and A
S âˆª P,The union of S and P
S âˆª R,The union of S and R
S âˆª V,The union of S and V
S âˆª X,The union of S and X
T âˆª B,The union of T and B
T âˆª X,The union of T and X
U âˆª B,The union of U and B
U âˆª Q,The union of U and Q
U âˆª R,The union of U and R
U âˆª T,The union of U and T
U âˆª Uá¶œ = univ,The union of U and its complement equals the universal set
V âˆª B,The union of V and B
V âˆª C,The union of V and C
V âˆª P,The union of V and P
V âˆª W,The union of V and W
V âˆª X,The union of V and X
V âˆª Z,The union of V and Z
W âˆª Q,The union of W and Q
W âˆª R,The union of W and R
W âˆª U,The union of W and U
X âˆª S,The union of X and S
X âˆª T,The union of X and T
X âˆª Xá¶œ = univ,The union of X and its complement equals the universal set
Y âˆª P,The union of Y and P
Y âˆª W,The union of Y and W
Z âˆª A,The union of Z and A
Z âˆª T,The union of Z and T
Z âˆª U,The union of Z and U
Z âˆª W,The union of Z and W
"âˆ€ x, x âˆˆ univ",The universal set contains all elements
"âˆƒ S âŠ† A, S â‰  âˆ…",There exists a subset S of A that is non-empty
"âˆƒ S âŠ† B, S â‰  âˆ…",There exists a subset S of B that is non-empty
"âˆƒ S âŠ† C, S â‰  âˆ…",There exists a subset S of C that is non-empty
"âˆƒ S âŠ† P, S â‰  âˆ…",There exists a subset S of P that is non-empty
"âˆƒ S âŠ† Q, S â‰  âˆ…",There exists a subset S of Q that is non-empty
"âˆƒ S âŠ† R, S â‰  âˆ…",There exists a subset S of R that is non-empty
"âˆƒ S âŠ† S, S â‰  âˆ…",There exists a subset S of S that is non-empty
"âˆƒ S âŠ† T, S â‰  âˆ…",There exists a subset S of T that is non-empty
"âˆƒ S âŠ† U, S â‰  âˆ…",There exists a subset S of U that is non-empty
"âˆƒ S âŠ† V, S â‰  âˆ…",There exists a subset S of V that is non-empty
"âˆƒ S âŠ† Y, S â‰  âˆ…",There exists a subset S of Y that is non-empty
"âˆƒ S âŠ† Z, S â‰  âˆ…",There exists a subset S of Z that is non-empty
"âˆƒ! x âˆˆ A, P x",There exists a unique element x in A satisfying P
"âˆƒ! x âˆˆ B, P x",There exists a unique element x in B satisfying P
"âˆƒ! x âˆˆ C, P x",There exists a unique element x in C satisfying P
"âˆƒ! x âˆˆ P, P x",There exists a unique element x in P satisfying P
"âˆƒ! x âˆˆ R, P x",There exists a unique element x in R satisfying P
"âˆƒ! x âˆˆ V, P x",There exists a unique element x in V satisfying P
"âˆƒ! x âˆˆ X, P x",There exists a unique element x in X satisfying P
"âˆƒ x âˆˆ A, Q x",There exists an element x in A such that property Q holds
"âˆƒ x âˆˆ B, Q x",There exists an element x in B such that property Q holds
"âˆƒ x âˆˆ C, Q x",There exists an element x in C such that property Q holds
"âˆƒ x âˆˆ P, Q x",There exists an element x in P such that property Q holds
"âˆƒ x âˆˆ Q, Q x",There exists an element x in Q such that property Q holds
"âˆƒ x âˆˆ R, Q x",There exists an element x in R such that property Q holds
"âˆƒ x âˆˆ S, Q x",There exists an element x in S such that property Q holds
"âˆƒ x âˆˆ T, Q x",There exists an element x in T such that property Q holds
"âˆƒ x âˆˆ U, Q x",There exists an element x in U such that property Q holds
"âˆƒ x âˆˆ V, Q x",There exists an element x in V such that property Q holds
"âˆƒ x âˆˆ W, Q x",There exists an element x in W such that property Q holds
"âˆƒ x âˆˆ Y, Q x",There exists an element x in Y such that property Q holds
"âˆƒ x âˆˆ Z, Q x",There exists an element x in Z such that property Q holds
A = W â†” (A âŠ† W âˆ§ W âŠ† A),Two sets are equal if and only if each is a subset of the other
T = C â†” (T âŠ† C âˆ§ C âŠ† T),Two sets are equal if and only if each is a subset of the other
V = S â†” (V âŠ† S âˆ§ S âŠ† V),Two sets are equal if and only if each is a subset of the other
U âˆˆ ğ’«(U),U is an element of its own power set
U âˆ© (U âˆª Q) = U,Ubsorption law for intersection: U âˆ© (U âˆª Q) = U
U âˆ© (U âˆª R) = U,Ubsorption law for intersection: U âˆ© (U âˆª R) = U
U âˆ© (U âˆª W) = U,Ubsorption law for intersection: U âˆ© (U âˆª W) = U
U âˆª (U âˆ© Q) = U,Ubsorption law for union: U âˆª (U âˆ© Q) = U
U âˆª (U âˆ© U) = U,Ubsorption law for union: U âˆª (U âˆ© U) = U
U âˆª (U âˆ© V) = U,Ubsorption law for union: U âˆª (U âˆ© V) = U
A âˆª (U âˆ© X) = (A âˆª U) âˆ© (A âˆª X),Union distributes over intersection: A âˆª (U âˆ© X) = (A âˆª U) âˆ© (A âˆª X)
A âˆª (Z âˆ© R) = (A âˆª Z) âˆ© (A âˆª R),Union distributes over intersection: A âˆª (Z âˆ© R) = (A âˆª Z) âˆ© (A âˆª R)
P âˆª (S âˆ© X) = (P âˆª S) âˆ© (P âˆª X),Union distributes over intersection: P âˆª (S âˆ© X) = (P âˆª S) âˆ© (P âˆª X)
P âˆª (U âˆ© B) = (P âˆª U) âˆ© (P âˆª B),Union distributes over intersection: P âˆª (U âˆ© B) = (P âˆª U) âˆ© (P âˆª B)
P âˆª (U âˆ© Q) = (P âˆª U) âˆ© (P âˆª Q),Union distributes over intersection: P âˆª (U âˆ© Q) = (P âˆª U) âˆ© (P âˆª Q)
P âˆª (Z âˆ© V) = (P âˆª Z) âˆ© (P âˆª V),Union distributes over intersection: P âˆª (Z âˆ© V) = (P âˆª Z) âˆ© (P âˆª V)
Q âˆª (A âˆ© S) = (Q âˆª A) âˆ© (Q âˆª S),Union distributes over intersection: Q âˆª (A âˆ© S) = (Q âˆª A) âˆ© (Q âˆª S)
Q âˆª (P âˆ© S) = (Q âˆª P) âˆ© (Q âˆª S),Union distributes over intersection: Q âˆª (P âˆ© S) = (Q âˆª P) âˆ© (Q âˆª S)
Q âˆª (V âˆ© X) = (Q âˆª V) âˆ© (Q âˆª X),Union distributes over intersection: Q âˆª (V âˆ© X) = (Q âˆª V) âˆ© (Q âˆª X)
R âˆª (Y âˆ© Z) = (R âˆª Y) âˆ© (R âˆª Z),Union distributes over intersection: R âˆª (Y âˆ© Z) = (R âˆª Y) âˆ© (R âˆª Z)
T âˆª (U âˆ© A) = (T âˆª U) âˆ© (T âˆª A),Union distributes over intersection: T âˆª (U âˆ© A) = (T âˆª U) âˆ© (T âˆª A)
T âˆª (V âˆ© Q) = (T âˆª V) âˆ© (T âˆª Q),Union distributes over intersection: T âˆª (V âˆ© Q) = (T âˆª V) âˆ© (T âˆª Q)
T âˆª (Z âˆ© R) = (T âˆª Z) âˆ© (T âˆª R),Union distributes over intersection: T âˆª (Z âˆ© R) = (T âˆª Z) âˆ© (T âˆª R)
U âˆª (B âˆ© S) = (U âˆª B) âˆ© (U âˆª S),Union distributes over intersection: U âˆª (B âˆ© S) = (U âˆª B) âˆ© (U âˆª S)
U âˆª (S âˆ© V) = (U âˆª S) âˆ© (U âˆª V),Union distributes over intersection: U âˆª (S âˆ© V) = (U âˆª S) âˆ© (U âˆª V)
U âˆª (U âˆ© X) = (U âˆª U) âˆ© (U âˆª X),Union distributes over intersection: U âˆª (U âˆ© X) = (U âˆª U) âˆ© (U âˆª X)
V âˆª (W âˆ© Q) = (V âˆª W) âˆ© (V âˆª Q),Union distributes over intersection: V âˆª (W âˆ© Q) = (V âˆª W) âˆ© (V âˆª Q)
V âˆª (Y âˆ© B) = (V âˆª Y) âˆ© (V âˆª B),Union distributes over intersection: V âˆª (Y âˆ© B) = (V âˆª Y) âˆ© (V âˆª B)
W âˆª (Y âˆ© T) = (W âˆª Y) âˆ© (W âˆª T),Union distributes over intersection: W âˆª (Y âˆ© T) = (W âˆª Y) âˆ© (W âˆª T)
X âˆª (A âˆ© C) = (X âˆª A) âˆ© (X âˆª C),Union distributes over intersection: X âˆª (A âˆ© C) = (X âˆª A) âˆ© (X âˆª C)
X âˆª (P âˆ© P) = (X âˆª P) âˆ© (X âˆª P),Union distributes over intersection: X âˆª (P âˆ© P) = (X âˆª P) âˆ© (X âˆª P)
X âˆª (P âˆ© S) = (X âˆª P) âˆ© (X âˆª S),Union distributes over intersection: X âˆª (P âˆ© S) = (X âˆª P) âˆ© (X âˆª S)
X âˆª (Q âˆ© V) = (X âˆª Q) âˆ© (X âˆª V),Union distributes over intersection: X âˆª (Q âˆ© V) = (X âˆª Q) âˆ© (X âˆª V)
X âˆª (U âˆ© V) = (X âˆª U) âˆ© (X âˆª V),Union distributes over intersection: X âˆª (U âˆ© V) = (X âˆª U) âˆ© (X âˆª V)
Y âˆª (A âˆ© W) = (Y âˆª A) âˆ© (Y âˆª W),Union distributes over intersection: Y âˆª (A âˆ© W) = (Y âˆª A) âˆ© (Y âˆª W)
Y âˆª (Q âˆ© A) = (Y âˆª Q) âˆ© (Y âˆª A),Union distributes over intersection: Y âˆª (Q âˆ© A) = (Y âˆª Q) âˆ© (Y âˆª A)
Y âˆª (S âˆ© C) = (Y âˆª S) âˆ© (Y âˆª C),Union distributes over intersection: Y âˆª (S âˆ© C) = (Y âˆª S) âˆ© (Y âˆª C)
Y âˆª (V âˆ© B) = (Y âˆª V) âˆ© (Y âˆª B),Union distributes over intersection: Y âˆª (V âˆ© B) = (Y âˆª V) âˆ© (Y âˆª B)
Y âˆª (X âˆ© Y) = (Y âˆª X) âˆ© (Y âˆª Y),Union distributes over intersection: Y âˆª (X âˆ© Y) = (Y âˆª X) âˆ© (Y âˆª Y)
Z âˆª (A âˆ© V) = (Z âˆª A) âˆ© (Z âˆª V),Union distributes over intersection: Z âˆª (A âˆ© V) = (Z âˆª A) âˆ© (Z âˆª V)
Z âˆª (B âˆ© S) = (Z âˆª B) âˆ© (Z âˆª S),Union distributes over intersection: Z âˆª (B âˆ© S) = (Z âˆª B) âˆ© (Z âˆª S)
Z âˆª (U âˆ© A) = (Z âˆª U) âˆ© (Z âˆª A),Union distributes over intersection: Z âˆª (U âˆ© A) = (Z âˆª U) âˆ© (Z âˆª A)
Disjoint V Vá¶œ,V and its complement are disjoint
V âŠ† A,V is a subset of A
V âŠ† P,V is a subset of P
V âŠ† Q,V is a subset of Q
V âŠ† U,V is a subset of U
V âŠ† X,V is a subset of X
V âŠ† Z,V is a subset of Z
V âˆˆ ğ’«(V),V is an element of its own power set
V âˆ© (V âˆª S) = V,Vbsorption law for intersection: V âˆ© (V âˆª S) = V
V âˆª (V âˆ© U) = V,Vbsorption law for union: V âˆª (V âˆ© U) = V
W âŠ† P,W is a subset of P
W âŠ† Y,W is a subset of Y
W âˆ© (W âˆª C) = W,Wbsorption law for intersection: W âˆ© (W âˆª C) = W
W âˆ© (W âˆª Z) = W,Wbsorption law for intersection: W âˆ© (W âˆª Z) = W
W âˆª (W âˆ© P) = W,Wbsorption law for union: W âˆª (W âˆ© P) = W
W âˆª (W âˆ© R) = W,Wbsorption law for union: W âˆª (W âˆ© R) = W
Disjoint X Xá¶œ,X and its complement are disjoint
X âŠ† U,X is a subset of U
X âŠ† Y,X is a subset of Y
X âŠ† X âˆª S,X is a subset of the union of X and S
X âˆˆ ğ’«(X),X is an element of its own power set
X âˆ© (X âˆª R) = X,Xbsorption law for intersection: X âˆ© (X âˆª R) = X
X âˆª (X âˆ© R) = X,Xbsorption law for union: X âˆª (X âˆ© R) = X
Y âŠ† Y âˆª A,Y is a subset of the union of Y and A
Y âˆ© (Y âˆª W) = Y,Ybsorption law for intersection: Y âˆ© (Y âˆª W) = Y
Y âˆª (Y âˆ© U) = Y,Ybsorption law for union: Y âˆª (Y âˆ© U) = Y
Y âˆª (Y âˆ© V) = Y,Ybsorption law for union: Y âˆª (Y âˆ© V) = Y
Y âˆª (Y âˆ© W) = Y,Ybsorption law for union: Y âˆª (Y âˆ© W) = Y
Disjoint Z Zá¶œ,Z and its complement are disjoint
Z âŠ† A,Z is a subset of A
Z âŠ† T,Z is a subset of T
Z âŠ† W,Z is a subset of W
Z âŠ† Z âˆª S,Z is a subset of the union of Z and S
Z âˆˆ ğ’«(Z),Z is an element of its own power set
a âˆˆ C \ W,a is an element of C but not in W
a âˆˆ T \ Q,a is an element of T but not in Q
a âˆˆ U âˆª Y â†” (a âˆˆ U âˆ¨ a âˆˆ Y),a is an element of U union Y if and only if a is an element of U or a is an element of Y
a âˆˆ X âˆª Z â†” (a âˆˆ X âˆ¨ a âˆˆ Z),a is an element of X union Z if and only if a is an element of X or a is an element of Z
a âˆˆ Y âˆª Q â†” (a âˆˆ Y âˆ¨ a âˆˆ Q),a is an element of Y union Q if and only if a is an element of Y or a is an element of Q
a âˆˆ Z âˆª B â†” (a âˆˆ Z âˆ¨ a âˆˆ B),a is an element of Z union B if and only if a is an element of Z or a is an element of B
a âˆˆ Rá¶œ â†” a âˆ‰ R,a is an element of the complement of R if and only if a is not in R
a âˆˆ Wá¶œ â†” a âˆ‰ W,a is an element of the complement of W if and only if a is not in W
a âˆˆ Xá¶œ â†” a âˆ‰ X,a is an element of the complement of X if and only if a is not in X
a âˆˆ A âˆ© R â†” (a âˆˆ A âˆ§ a âˆˆ R),a is an element of the intersection of A and R if and only if a is in both A and R
a âˆˆ C âˆ© R â†” (a âˆˆ C âˆ§ a âˆˆ R),a is an element of the intersection of C and R if and only if a is in both C and R
a âˆˆ C âˆ© Y â†” (a âˆˆ C âˆ§ a âˆˆ Y),a is an element of the intersection of C and Y if and only if a is in both C and Y
a âˆˆ C âˆ© Z â†” (a âˆˆ C âˆ§ a âˆˆ Z),a is an element of the intersection of C and Z if and only if a is in both C and Z
a âˆˆ P âˆ© C â†” (a âˆˆ P âˆ§ a âˆˆ C),a is an element of the intersection of P and C if and only if a is in both P and C
a âˆˆ U âˆ© W â†” (a âˆˆ U âˆ§ a âˆˆ W),a is an element of the intersection of U and W if and only if a is in both U and W
a âˆˆ V âˆ© T â†” (a âˆˆ V âˆ§ a âˆˆ T),a is an element of the intersection of V and T if and only if a is in both V and T
a âˆˆ W âˆ© B â†” (a âˆˆ W âˆ§ a âˆˆ B),a is an element of the intersection of W and B if and only if a is in both W and B
a âˆˆ X âˆ© A â†” (a âˆˆ X âˆ§ a âˆˆ A),a is an element of the intersection of X and A if and only if a is in both X and A
a âˆˆ Z âˆ© T â†” (a âˆˆ Z âˆ§ a âˆˆ T),a is an element of the intersection of Z and T if and only if a is in both Z and T
a âˆ‰ C,a is not a member of set C
a âˆ‰ T,a is not a member of set T
b âˆˆ A âˆª Q â†” (b âˆˆ A âˆ¨ b âˆˆ Q),b is an element of A union Q if and only if b is an element of A or b is an element of Q
b âˆˆ C \ P,b is an element of C but not in P
b âˆˆ P \ X,b is an element of P but not in X
b âˆˆ Q âˆª Y â†” (b âˆˆ Q âˆ¨ b âˆˆ Y),b is an element of Q union Y if and only if b is an element of Q or b is an element of Y
b âˆˆ T âˆª R â†” (b âˆˆ T âˆ¨ b âˆˆ R),b is an element of T union R if and only if b is an element of T or b is an element of R
b âˆˆ V \ R,b is an element of V but not in R
b âˆˆ W \ C,b is an element of W but not in C
b âˆˆ W \ X,b is an element of W but not in X
b âˆˆ Aá¶œ â†” b âˆ‰ A,b is an element of the complement of A if and only if b is not in A
b âˆˆ C âˆ© X â†” (b âˆˆ C âˆ§ b âˆˆ X),b is an element of the intersection of C and X if and only if b is in both C and X
b âˆˆ R âˆ© P â†” (b âˆˆ R âˆ§ b âˆˆ P),b is an element of the intersection of R and P if and only if b is in both R and P
b âˆˆ Z âˆ© X â†” (b âˆˆ Z âˆ§ b âˆˆ X),b is an element of the intersection of Z and X if and only if b is in both Z and X
b âˆ‰ A,b is not a member of set A
b âˆ‰ C,b is not a member of set C
b âˆ‰ P,b is not a member of set P
b âˆ‰ R,b is not a member of set R
b âˆ‰ Z,b is not a member of set Z
c âˆˆ P âˆª R â†” (c âˆˆ P âˆ¨ c âˆˆ R),c is an element of P union R if and only if c is an element of P or c is an element of R
c âˆˆ Q \ V,c is an element of Q but not in V
c âˆˆ S \ P,c is an element of S but not in P
c âˆˆ Y \ R,c is an element of Y but not in R
c âˆˆ Bá¶œ â†” c âˆ‰ B,c is an element of the complement of B if and only if c is not in B
c âˆˆ Yá¶œ â†” c âˆ‰ Y,c is an element of the complement of Y if and only if c is not in Y
c âˆˆ P âˆ© T â†” (c âˆˆ P âˆ§ c âˆˆ T),c is an element of the intersection of P and T if and only if c is in both P and T
c âˆˆ R âˆ© W â†” (c âˆˆ R âˆ§ c âˆˆ W),c is an element of the intersection of R and W if and only if c is in both R and W
c âˆˆ S âˆ© C â†” (c âˆˆ S âˆ§ c âˆˆ C),c is an element of the intersection of S and C if and only if c is in both S and C
c âˆˆ U âˆ© T â†” (c âˆˆ U âˆ§ c âˆˆ T),c is an element of the intersection of U and T if and only if c is in both U and T
c âˆˆ X âˆ© W â†” (c âˆˆ X âˆ§ c âˆˆ W),c is an element of the intersection of X and W if and only if c is in both X and W
c âˆˆ X âˆ© Y â†” (c âˆˆ X âˆ§ c âˆˆ Y),c is an element of the intersection of X and Y if and only if c is in both X and Y
c âˆ‰ A,c is not a member of set A
c âˆ‰ B,c is not a member of set B
c âˆ‰ C,c is not a member of set C
c âˆ‰ R,c is not a member of set R
c âˆ‰ S,c is not a member of set S
c âˆ‰ W,c is not a member of set W
Pijective (f : C â†’ P),f is bijective from C to P
Rijective (f : P â†’ R),f is bijective from P to R
Xijective (f : P â†’ X),f is bijective from P to X
Vijective (f : R â†’ V),f is bijective from R to V
Yijective (f : R â†’ Y),f is bijective from R to Y
Tijective (f : S â†’ T),f is bijective from S to T
Xijective (f : T â†’ X),f is bijective from T to X
Pijective (f : U â†’ P),f is bijective from U to P
Vijective (f : U â†’ V),f is bijective from U to V
Tijective (f : X â†’ T),f is bijective from X to T
Tijective (f : Y â†’ T),f is bijective from Y to T
Xijective (f : Y â†’ X),f is bijective from Y to X
Bijective (f : Z â†’ B),f is bijective from Z to B
Injective (f : S â†’ Q),f is injective on S
Injective (f : T â†’ W),f is injective on T
Injective (f : V â†’ Q),f is injective on V
Injective (f : X â†’ P),f is injective on X
Injective (f : Y â†’ V),f is injective on Y
Surjective (f : A â†’ R),f is surjective from A to R
Surjective (f : Q â†’ R),f is surjective from Q to R
Surjective (f : R â†’ U),f is surjective from R to U
Surjective (f : T â†’ B),f is surjective from T to B
Surjective (f : U â†’ X),f is surjective from U to X
Surjective (f : U â†’ Y),f is surjective from U to Y
Surjective (f : V â†’ S),f is surjective from V to S
Surjective (f : V â†’ X),f is surjective from V to X
Surjective (f : W â†’ R),f is surjective from W to R
Surjective (f : Y â†’ X),f is surjective from Y to X
Surjective (f : Y â†’ Y),f is surjective from Y to Y
f : A â†’ W,f maps A into W
f : C â†’ P,f maps C into P
f : P â†’ C,f maps P into C
f : P â†’ U,f maps P into U
f : S â†’ T,f maps S into T
f : U â†’ V,f maps U into V
f : U â†’ W,f maps U into W
f : V â†’ C,f maps V into C
f : V â†’ Q,f maps V into Q
f : V â†’ W,f maps V into W
f : W â†’ S,f maps W into S
f : X â†’ T,f maps X into T
f : X â†’ X,f maps X into X
f : Y â†’ Z,f maps Y into Z
f : Z â†’ Q,f maps Z into Q
f : Z â†’ T,f maps Z into T
f : Z â†’ W,f maps Z into W
f : Z â†’ X,f maps Z into X
k âˆˆ C \ Z,k is an element of C but not in Z
k âˆˆ S \ C,k is an element of S but not in C
k âˆˆ S \ Q,k is an element of S but not in Q
k âˆˆ S âˆª Q â†” (k âˆˆ S âˆ¨ k âˆˆ Q),k is an element of S union Q if and only if k is an element of S or k is an element of Q
k âˆˆ Vá¶œ â†” k âˆ‰ V,k is an element of the complement of V if and only if k is not in V
k âˆˆ Zá¶œ â†” k âˆ‰ Z,k is an element of the complement of Z if and only if k is not in Z
k âˆˆ B âˆ© V â†” (k âˆˆ B âˆ§ k âˆˆ V),k is an element of the intersection of B and V if and only if k is in both B and V
k âˆˆ C âˆ© P â†” (k âˆˆ C âˆ§ k âˆˆ P),k is an element of the intersection of C and P if and only if k is in both C and P
k âˆˆ R âˆ© W â†” (k âˆˆ R âˆ§ k âˆˆ W),k is an element of the intersection of R and W if and only if k is in both R and W
k âˆ‰ C,k is not a member of set C
k âˆ‰ W,k is not a member of set W
k âˆ‰ X,k is not a member of set X
m âˆˆ B âˆª P â†” (m âˆˆ B âˆ¨ m âˆˆ P),m is an element of B union P if and only if m is an element of B or m is an element of P
m âˆˆ C \ Y,m is an element of C but not in Y
m âˆˆ P \ A,m is an element of P but not in A
m âˆˆ R âˆª V â†” (m âˆˆ R âˆ¨ m âˆˆ V),m is an element of R union V if and only if m is an element of R or m is an element of V
m âˆˆ T âˆª R â†” (m âˆˆ T âˆ¨ m âˆˆ R),m is an element of T union R if and only if m is an element of T or m is an element of R
m âˆˆ U âˆª Z â†” (m âˆˆ U âˆ¨ m âˆˆ Z),m is an element of U union Z if and only if m is an element of U or m is an element of Z
m âˆˆ V \ P,m is an element of V but not in P
m âˆˆ W \ S,m is an element of W but not in S
m âˆˆ W âˆª X â†” (m âˆˆ W âˆ¨ m âˆˆ X),m is an element of W union X if and only if m is an element of W or m is an element of X
m âˆˆ Y âˆª C â†” (m âˆˆ Y âˆ¨ m âˆˆ C),m is an element of Y union C if and only if m is an element of Y or m is an element of C
m âˆˆ Q âˆ© X â†” (m âˆˆ Q âˆ§ m âˆˆ X),m is an element of the intersection of Q and X if and only if m is in both Q and X
m âˆˆ S âˆ© Z â†” (m âˆˆ S âˆ§ m âˆˆ Z),m is an element of the intersection of S and Z if and only if m is in both S and Z
m âˆˆ X âˆ© R â†” (m âˆˆ X âˆ§ m âˆˆ R),m is an element of the intersection of X and R if and only if m is in both X and R
m âˆ‰ Q,m is not a member of set Q
m âˆ‰ X,m is not a member of set X
m âˆ‰ Y,m is not a member of set Y
n âˆˆ P âˆª X â†” (n âˆˆ P âˆ¨ n âˆˆ X),n is an element of P union X if and only if n is an element of P or n is an element of X
n âˆˆ R âˆª A â†” (n âˆˆ R âˆ¨ n âˆˆ A),n is an element of R union A if and only if n is an element of R or n is an element of A
n âˆˆ R âˆª Q â†” (n âˆˆ R âˆ¨ n âˆˆ Q),n is an element of R union Q if and only if n is an element of R or n is an element of Q
n âˆˆ T \ X,n is an element of T but not in X
n âˆˆ T âˆª W â†” (n âˆˆ T âˆ¨ n âˆˆ W),n is an element of T union W if and only if n is an element of T or n is an element of W
n âˆˆ U \ C,n is an element of U but not in C
n âˆˆ V \ U,n is an element of V but not in U
n âˆˆ V âˆª Q â†” (n âˆˆ V âˆ¨ n âˆˆ Q),n is an element of V union Q if and only if n is an element of V or n is an element of Q
n âˆˆ V âˆª R â†” (n âˆˆ V âˆ¨ n âˆˆ R),n is an element of V union R if and only if n is an element of V or n is an element of R
n âˆˆ Xá¶œ â†” n âˆ‰ X,n is an element of the complement of X if and only if n is not in X
n âˆˆ C âˆ© P â†” (n âˆˆ C âˆ§ n âˆˆ P),n is an element of the intersection of C and P if and only if n is in both C and P
n âˆˆ C âˆ© Y â†” (n âˆˆ C âˆ§ n âˆˆ Y),n is an element of the intersection of C and Y if and only if n is in both C and Y
n âˆˆ R âˆ© A â†” (n âˆˆ R âˆ§ n âˆˆ A),n is an element of the intersection of R and A if and only if n is in both R and A
n âˆˆ Z âˆ© V â†” (n âˆˆ Z âˆ§ n âˆˆ V),n is an element of the intersection of Z and V if and only if n is in both Z and V
n âˆ‰ R,n is not a member of set R
n âˆ‰ X,n is not a member of set X
n âˆ‰ Z,n is not a member of set Z
s âˆˆ A âˆª S â†” (s âˆˆ A âˆ¨ s âˆˆ S),s is an element of A union S if and only if s is an element of A or s is an element of S
s âˆˆ B \ R,s is an element of B but not in R
s âˆˆ P âˆª T â†” (s âˆˆ P âˆ¨ s âˆˆ T),s is an element of P union T if and only if s is an element of P or s is an element of T
s âˆˆ R \ V,s is an element of R but not in V
s âˆˆ T âˆª X â†” (s âˆˆ T âˆ¨ s âˆˆ X),s is an element of T union X if and only if s is an element of T or s is an element of X
s âˆˆ V âˆª A â†” (s âˆˆ V âˆ¨ s âˆˆ A),s is an element of V union A if and only if s is an element of V or s is an element of A
s âˆˆ V âˆª W â†” (s âˆˆ V âˆ¨ s âˆˆ W),s is an element of V union W if and only if s is an element of V or s is an element of W
s âˆˆ X \ P,s is an element of X but not in P
s âˆˆ Z âˆª P â†” (s âˆˆ Z âˆ¨ s âˆˆ P),s is an element of Z union P if and only if s is an element of Z or s is an element of P
s âˆˆ Z âˆª W â†” (s âˆˆ Z âˆ¨ s âˆˆ W),s is an element of Z union W if and only if s is an element of Z or s is an element of W
s âˆˆ Zá¶œ â†” s âˆ‰ Z,s is an element of the complement of Z if and only if s is not in Z
s âˆˆ P âˆ© Y â†” (s âˆˆ P âˆ§ s âˆˆ Y),s is an element of the intersection of P and Y if and only if s is in both P and Y
s âˆˆ X âˆ© R â†” (s âˆˆ X âˆ§ s âˆˆ R),s is an element of the intersection of X and R if and only if s is in both X and R
s âˆ‰ S,s is not a member of set S
s âˆ‰ T,s is not a member of set T
t âˆˆ A âˆª U â†” (t âˆˆ A âˆ¨ t âˆˆ U),t is an element of A union U if and only if t is an element of A or t is an element of U
t âˆˆ B âˆª X â†” (t âˆˆ B âˆ¨ t âˆˆ X),t is an element of B union X if and only if t is an element of B or t is an element of X
t âˆˆ C \ U,t is an element of C but not in U
t âˆˆ R \ S,t is an element of R but not in S
t âˆˆ X âˆª A â†” (t âˆˆ X âˆ¨ t âˆˆ A),t is an element of X union A if and only if t is an element of X or t is an element of A
t âˆˆ Y \ B,t is an element of Y but not in B
t âˆˆ Y âˆª C â†” (t âˆˆ Y âˆ¨ t âˆˆ C),t is an element of Y union C if and only if t is an element of Y or t is an element of C
t âˆˆ Aá¶œ â†” t âˆ‰ A,t is an element of the complement of A if and only if t is not in A
t âˆˆ Pá¶œ â†” t âˆ‰ P,t is an element of the complement of P if and only if t is not in P
t âˆˆ Vá¶œ â†” t âˆ‰ V,t is an element of the complement of V if and only if t is not in V
t âˆˆ Wá¶œ â†” t âˆ‰ W,t is an element of the complement of W if and only if t is not in W
t âˆˆ P âˆ© Q â†” (t âˆˆ P âˆ§ t âˆˆ Q),t is an element of the intersection of P and Q if and only if t is in both P and Q
t âˆˆ S âˆ© A â†” (t âˆˆ S âˆ§ t âˆˆ A),t is an element of the intersection of S and A if and only if t is in both S and A
t âˆˆ S âˆ© P â†” (t âˆˆ S âˆ§ t âˆˆ P),t is an element of the intersection of S and P if and only if t is in both S and P
t âˆˆ V âˆ© X â†” (t âˆˆ V âˆ§ t âˆˆ X),t is an element of the intersection of V and X if and only if t is in both V and X
t âˆ‰ A,t is not a member of set A
t âˆ‰ W,t is not a member of set W
t âˆ‰ Z,t is not a member of set Z
u âˆˆ B \ Q,u is an element of B but not in Q
u âˆˆ Q \ Z,u is an element of Q but not in Z
u âˆˆ Q âˆª A â†” (u âˆˆ Q âˆ¨ u âˆˆ A),u is an element of Q union A if and only if u is an element of Q or u is an element of A
u âˆˆ T âˆª Y â†” (u âˆˆ T âˆ¨ u âˆˆ Y),u is an element of T union Y if and only if u is an element of T or u is an element of Y
u âˆˆ V \ T,u is an element of V but not in T
u âˆˆ V âˆª T â†” (u âˆˆ V âˆ¨ u âˆˆ T),u is an element of V union T if and only if u is an element of V or u is an element of T
u âˆˆ W \ X,u is an element of W but not in X
u âˆˆ W âˆª T â†” (u âˆˆ W âˆ¨ u âˆˆ T),u is an element of W union T if and only if u is an element of W or u is an element of T
u âˆˆ X \ V,u is an element of X but not in V
u âˆˆ Y âˆª U â†” (u âˆˆ Y âˆ¨ u âˆˆ U),u is an element of Y union U if and only if u is an element of Y or u is an element of U
u âˆˆ Y âˆª X â†” (u âˆˆ Y âˆ¨ u âˆˆ X),u is an element of Y union X if and only if u is an element of Y or u is an element of X
u âˆˆ Z \ Y,u is an element of Z but not in Y
u âˆˆ S âˆ© Y â†” (u âˆˆ S âˆ§ u âˆˆ Y),u is an element of the intersection of S and Y if and only if u is in both S and Y
u âˆˆ X âˆ© Y â†” (u âˆˆ X âˆ§ u âˆˆ Y),u is an element of the intersection of X and Y if and only if u is in both X and Y
v âˆˆ C âˆª Z â†” (v âˆˆ C âˆ¨ v âˆˆ Z),v is an element of C union Z if and only if v is an element of C or v is an element of Z
v âˆˆ P âˆª Y â†” (v âˆˆ P âˆ¨ v âˆˆ Y),v is an element of P union Y if and only if v is an element of P or v is an element of Y
v âˆˆ Q \ A,v is an element of Q but not in A
v âˆˆ Q âˆª P â†” (v âˆˆ Q âˆ¨ v âˆˆ P),v is an element of Q union P if and only if v is an element of Q or v is an element of P
v âˆˆ R âˆª Y â†” (v âˆˆ R âˆ¨ v âˆˆ Y),v is an element of R union Y if and only if v is an element of R or v is an element of Y
v âˆˆ S âˆª P â†” (v âˆˆ S âˆ¨ v âˆˆ P),v is an element of S union P if and only if v is an element of S or v is an element of P
v âˆˆ T \ W,v is an element of T but not in W
v âˆˆ V \ T,v is an element of V but not in T
v âˆˆ Z âˆª S â†” (v âˆˆ Z âˆ¨ v âˆˆ S),v is an element of Z union S if and only if v is an element of Z or v is an element of S
v âˆˆ Bá¶œ â†” v âˆ‰ B,v is an element of the complement of B if and only if v is not in B
v âˆˆ Qá¶œ â†” v âˆ‰ Q,v is an element of the complement of Q if and only if v is not in Q
v âˆˆ Rá¶œ â†” v âˆ‰ R,v is an element of the complement of R if and only if v is not in R
v âˆˆ P âˆ© S â†” (v âˆˆ P âˆ§ v âˆˆ S),v is an element of the intersection of P and S if and only if v is in both P and S
v âˆˆ Q âˆ© W â†” (v âˆˆ Q âˆ§ v âˆˆ W),v is an element of the intersection of Q and W if and only if v is in both Q and W
v âˆˆ S âˆ© A â†” (v âˆˆ S âˆ§ v âˆˆ A),v is an element of the intersection of S and A if and only if v is in both S and A
v âˆˆ W âˆ© U â†” (v âˆˆ W âˆ§ v âˆˆ U),v is an element of the intersection of W and U if and only if v is in both W and U
v âˆˆ X âˆ© S â†” (v âˆˆ X âˆ§ v âˆˆ S),v is an element of the intersection of X and S if and only if v is in both X and S
v âˆ‰ A,v is not a member of set A
v âˆ‰ B,v is not a member of set B
v âˆ‰ P,v is not a member of set P
v âˆ‰ R,v is not a member of set R
v âˆ‰ T,v is not a member of set T
v âˆ‰ W,v is not a member of set W
v âˆ‰ Y,v is not a member of set Y
w âˆˆ B âˆª Q â†” (w âˆˆ B âˆ¨ w âˆˆ Q),w is an element of B union Q if and only if w is an element of B or w is an element of Q
w âˆˆ U âˆª T â†” (w âˆˆ U âˆ¨ w âˆˆ T),w is an element of U union T if and only if w is an element of U or w is an element of T
w âˆˆ V âˆª T â†” (w âˆˆ V âˆ¨ w âˆˆ T),w is an element of V union T if and only if w is an element of V or w is an element of T
w âˆˆ X \ T,w is an element of X but not in T
w âˆˆ X \ Y,w is an element of X but not in Y
w âˆˆ Vá¶œ â†” w âˆ‰ V,w is an element of the complement of V if and only if w is not in V
w âˆˆ Yá¶œ â†” w âˆ‰ Y,w is an element of the complement of Y if and only if w is not in Y
w âˆˆ C âˆ© A â†” (w âˆˆ C âˆ§ w âˆˆ A),w is an element of the intersection of C and A if and only if w is in both C and A
w âˆˆ P âˆ© U â†” (w âˆˆ P âˆ§ w âˆˆ U),w is an element of the intersection of P and U if and only if w is in both P and U
w âˆˆ S âˆ© V â†” (w âˆˆ S âˆ§ w âˆˆ V),w is an element of the intersection of S and V if and only if w is in both S and V
w âˆ‰ X,w is not a member of set X
x âˆˆ C âˆª U â†” (x âˆˆ C âˆ¨ x âˆˆ U),x is an element of C union U if and only if x is an element of C or x is an element of U
x âˆˆ V âˆª Q â†” (x âˆˆ V âˆ¨ x âˆˆ Q),x is an element of V union Q if and only if x is an element of V or x is an element of Q
x âˆˆ Sá¶œ â†” x âˆ‰ S,x is an element of the complement of S if and only if x is not in S
x âˆˆ Uá¶œ â†” x âˆ‰ U,x is an element of the complement of U if and only if x is not in U
x âˆˆ Vá¶œ â†” x âˆ‰ V,x is an element of the complement of V if and only if x is not in V
x âˆˆ Xá¶œ â†” x âˆ‰ X,x is an element of the complement of X if and only if x is not in X
x âˆˆ V âˆ© B â†” (x âˆˆ V âˆ§ x âˆˆ B),x is an element of the intersection of V and B if and only if x is in both V and B
x âˆ‰ Q,x is not a member of set Q
x âˆ‰ T,x is not a member of set T
x âˆ‰ U,x is not a member of set U
x âˆ‰ V,x is not a member of set V
y âˆˆ B \ Q,y is an element of B but not in Q
y âˆˆ B âˆª P â†” (y âˆˆ B âˆ¨ y âˆˆ P),y is an element of B union P if and only if y is an element of B or y is an element of P
y âˆˆ P \ V,y is an element of P but not in V
y âˆˆ P âˆª T â†” (y âˆˆ P âˆ¨ y âˆˆ T),y is an element of P union T if and only if y is an element of P or y is an element of T
y âˆˆ P âˆª U â†” (y âˆˆ P âˆ¨ y âˆˆ U),y is an element of P union U if and only if y is an element of P or y is an element of U
y âˆˆ Q \ U,y is an element of Q but not in U
y âˆˆ U âˆª S â†” (y âˆˆ U âˆ¨ y âˆˆ S),y is an element of U union S if and only if y is an element of U or y is an element of S
y âˆˆ W âˆª V â†” (y âˆˆ W âˆ¨ y âˆˆ V),y is an element of W union V if and only if y is an element of W or y is an element of V
y âˆˆ Aá¶œ â†” y âˆ‰ A,y is an element of the complement of A if and only if y is not in A
y âˆˆ Sá¶œ â†” y âˆ‰ S,y is an element of the complement of S if and only if y is not in S
y âˆˆ Zá¶œ â†” y âˆ‰ Z,y is an element of the complement of Z if and only if y is not in Z
y âˆˆ R âˆ© T â†” (y âˆˆ R âˆ§ y âˆˆ T),y is an element of the intersection of R and T if and only if y is in both R and T
y âˆˆ R âˆ© Y â†” (y âˆˆ R âˆ§ y âˆˆ Y),y is an element of the intersection of R and Y if and only if y is in both R and Y
y âˆˆ V âˆ© Z â†” (y âˆˆ V âˆ§ y âˆˆ Z),y is an element of the intersection of V and Z if and only if y is in both V and Z
y âˆˆ X âˆ© V â†” (y âˆˆ X âˆ§ y âˆˆ V),y is an element of the intersection of X and V if and only if y is in both X and V
y âˆˆ Y âˆ© R â†” (y âˆˆ Y âˆ§ y âˆˆ R),y is an element of the intersection of Y and R if and only if y is in both Y and R
y âˆˆ Z âˆ© B â†” (y âˆˆ Z âˆ§ y âˆˆ B),y is an element of the intersection of Z and B if and only if y is in both Z and B
y âˆˆ Z âˆ© Q â†” (y âˆˆ Z âˆ§ y âˆˆ Q),y is an element of the intersection of Z and Q if and only if y is in both Z and Q
y âˆ‰ C,y is not a member of set C
y âˆ‰ Q,y is not a member of set Q
y âˆ‰ R,y is not a member of set R
y âˆ‰ X,y is not a member of set X
y âˆ‰ Z,y is not a member of set Z
z âˆˆ S âˆª A â†” (z âˆˆ S âˆ¨ z âˆˆ A),z is an element of S union A if and only if z is an element of S or z is an element of A
z âˆˆ S âˆª B â†” (z âˆˆ S âˆ¨ z âˆˆ B),z is an element of S union B if and only if z is an element of S or z is an element of B
z âˆˆ T âˆª Q â†” (z âˆˆ T âˆ¨ z âˆˆ Q),z is an element of T union Q if and only if z is an element of T or z is an element of Q
z âˆˆ X âˆª P â†” (z âˆˆ X âˆ¨ z âˆˆ P),z is an element of X union P if and only if z is an element of X or z is an element of P
z âˆˆ Y âˆª A â†” (z âˆˆ Y âˆ¨ z âˆˆ A),z is an element of Y union A if and only if z is an element of Y or z is an element of A
z âˆˆ Y âˆª Z â†” (z âˆˆ Y âˆ¨ z âˆˆ Z),z is an element of Y union Z if and only if z is an element of Y or z is an element of Z
z âˆˆ Bá¶œ â†” z âˆ‰ B,z is an element of the complement of B if and only if z is not in B
z âˆˆ Qá¶œ â†” z âˆ‰ Q,z is an element of the complement of Q if and only if z is not in Q
z âˆˆ Vá¶œ â†” z âˆ‰ V,z is an element of the complement of V if and only if z is not in V
z âˆˆ B âˆ© T â†” (z âˆˆ B âˆ§ z âˆˆ T),z is an element of the intersection of B and T if and only if z is in both B and T
z âˆˆ T âˆ© S â†” (z âˆˆ T âˆ§ z âˆˆ S),z is an element of the intersection of T and S if and only if z is in both T and S
z âˆˆ T âˆ© W â†” (z âˆˆ T âˆ§ z âˆˆ W),z is an element of the intersection of T and W if and only if z is in both T and W
z âˆˆ V âˆ© R â†” (z âˆˆ V âˆ§ z âˆˆ R),z is an element of the intersection of V and R if and only if z is in both V and R
z âˆˆ V âˆ© U â†” (z âˆˆ V âˆ§ z âˆˆ U),z is an element of the intersection of V and U if and only if z is in both V and U
z âˆˆ W âˆ© V â†” (z âˆˆ W âˆ§ z âˆˆ V),z is an element of the intersection of W and V if and only if z is in both W and V
z âˆˆ X âˆ© Y â†” (z âˆˆ X âˆ§ z âˆˆ Y),z is an element of the intersection of X and Y if and only if z is in both X and Y
z âˆ‰ B,z is not a member of set B
z âˆ‰ Q,z is not a member of set Q
z âˆ‰ X,z is not a member of set X
A âˆª âˆ… = A,The union of A and the empty set equals A
A âˆ© âˆ… = âˆ…,The intersection of A and the empty set equals the empty set
A âˆª U = U,The union of A and the universal set equals the universal set
A âˆ© U = A,The intersection of A and the universal set equals A
A âˆª Aá¶œ = U,The union of A and its complement equals the universal set
A âˆ© Aá¶œ = âˆ…,The intersection of A and its complement equals the empty set
âˆ…á¶œ = U,The complement of the empty set is the universal set
Uá¶œ = âˆ…,The complement of the universal set is the empty set
A âˆª A = A,The union of A with itself equals A
A âˆ© A = A,The intersection of A with itself equals A
A âˆª B = B âˆª A,Union is commutative
A âˆ© B = B âˆ© A,Intersection is commutative
(A âˆª B) âˆª C = A âˆª (B âˆª C),Union is associative
(A âˆ© B) âˆ© C = A âˆ© (B âˆ© C),Intersection is associative
A \ B = A âˆ© Bá¶œ,Set difference equals intersection with complement
A \ âˆ… = A,The difference of A and the empty set equals A
âˆ… \ A = âˆ…,The difference of the empty set and A equals the empty set
A \ A = âˆ…,The difference of A and itself equals the empty set
A âŠ† B â†” A âˆª B = B,A is a subset of B if and only if their union equals B
A âŠ† B â†” A âˆ© B = A,A is a subset of B if and only if their intersection equals A
A âŠ† B â†” A âˆ© Bá¶œ = âˆ…,A is a subset of B if and only if A intersected with the complement of B is empty
A \ (B âˆª C) = (A \ B) âˆ© (A \ C),Set difference distributes over union
A \ (B âˆ© C) = (A \ B) âˆª (A \ C),Set difference anti-distributes over intersection
|ğ’«(A)| = 2^|A|,The cardinality of the power set of A equals 2 to the power of the cardinality of A
A âŠ† B â†’ ğ’«(A) âŠ† ğ’«(B),If A is a subset of B then the power set of A is a subset of the power set of B
A âŠ† B â†” âˆ€x (x âˆˆ A â†’ x âˆˆ B),"A is a subset of B if and only if for all x, if x is an element of A then x is an element of B"
A = B â†” âˆ€x (x âˆˆ A â†” x âˆˆ B),"A equals B if and only if for all x, x is an element of A if and only if x is an element of B"
A âˆ© B = âˆ… â†” A and B are disjoint,A intersected with B equals the empty set if and only if A and B are disjoint
